,지역,학교명,위도,경도,구
0,서울특별시 서초구,서울교육대학교부설초등학교,37.49073913,127.01542350000001,서초구
1,서울특별시 종로구,서울대학교사범대학부설초등학교,37.577017,127.003091,종로구
2,서울특별시 강남구,서울개원초등학교,37.48161815,127.0587379,강남구
3,서울특별시 강남구,서울개일초등학교,37.48621378,127.05774199999999,강남구
4,서울특별시 강남구,서울구룡초등학교,37.48119253,127.0517549,강남구
5,서울특별시 강남구,서울논현초등학교,37.5,127.0,서초구
6,서울특별시 강남구,서울대곡초등학교,37.49471191,127.06502649999999,강남구
7,서울특별시 강남구,서울대도초등학교,37.49276798,127.05334599999999,강남구
8,서울특별시 강남구,서울대모초등학교,37.481536,127.08656200000001,강남구
9,서울특별시 강남구,서울대왕초등학교,37.46462136,127.10558950000001,강남구
10,서울특별시 강남구,서울대진초등학교,37.49701058,127.07807849999999,강남구
11,서울특별시 강남구,서울대청초등학교,37.49313304,127.08778570000001,강남구
12,서울특별시 강남구,서울대치초등학교,37.49131135,127.0619659,강남구
13,서울특별시 강남구,서울대현초등학교,37.5,127.1,송파구
14,서울특별시 강남구,서울도곡초등학교,37.49950701,127.05444550000001,강남구
15,서울특별시 강남구,서울도성초등학교,37.50146282,127.0488738,강남구
16,서울특별시 서초구,서울반원초등학교,37.5,127.0,서초구
17,서울특별시 서초구,서울반포초등학교,37.5028857,126.9915,서초구
18,서울특별시 서초구,서울방배초등학교,37.48676419,126.98713719999999,서초구
19,서울특별시 서초구,서울방일초등학교,37.4,126.9,안양시 만안구
20,서울특별시 서초구,서울방현초등학교,37.4,126.9,안양시 만안구
21,서울특별시 강남구,서울봉은초등학교,37.52008278,127.06093090000002,강남구
22,서울특별시 강남구,서울삼릉초등학교,37.51325956,127.04694950000001,강남구
23,서울특별시 서초구,서울서래초등학교,37.5,126.9,영등포구
24,서울특별시 서초구,서울서원초등학교,37.5,127.0,서초구
25,서울특별시 서초구,서울서이초등학교,37.5,127.0,서초구
26,서울특별시 서초구,서울서일초등학교,37.48529597,127.0221612,서초구
27,서울특별시 서초구,서울서초초등학교,37.499311,127.024064,서초구
28,서울특별시 강남구,서울수서초등학교,37.4,127.1,성남시 분당구
29,서울특별시 강남구,서울신구초등학교,37.5233613,127.02399150000001,강남구
30,서울특별시 서초구,서울신동초등학교,37.51712824,127.0113885,서초구
31,서울특별시 서초구,서울신중초등학교,37.4799348,127.0102613,서초구
32,서울특별시 강남구,서울압구정초등학교,37.531791,127.02978999999999,강남구
33,서울특별시 서초구,서울양재초등학교,37.47416448,127.0318939,서초구
34,서울특별시 강남구,서울양전초등학교,37.4,127.0,의왕시
35,서울특별시 서초구,서울언남초등학교,37.4,127.0,의왕시
36,서울특별시 강남구,서울언북초등학교,37.5,127.0,서초구
37,서울특별시 강남구,서울언주초등학교,37.4,127.0,의왕시
38,서울특별시 강남구,서울역삼초등학교,37.49316115,127.03260300000001,강남구
39,서울특별시 강남구,서울영희초등학교,37.49230166,127.08113119999999,강남구
40,서울특별시 강남구,서울왕북초등학교,37.4,127.0,의왕시
41,서울특별시 서초구,서울우암초등학교,37.47229591,127.02372199999999,서초구
42,서울특별시 서초구,서울원명초등학교,37.50077618,127.0167058,서초구
43,서울특별시 서초구,서울원촌초등학교,37.5,127.0,서초구
44,서울특별시 서초구,서울이수초등학교,37.47837007,126.9844162,서초구
45,서울특별시 강남구,서울일원초등학교,37.48978925,127.07632509999999,강남구
46,서울특별시 서초구,서울잠원초등학교,37.5,126.9,영등포구
47,서울특별시 강남구,서울청담초등학교,37.52827458,127.0451443,강남구
48,서울특별시 강남구,서울포이초등학교,37.47529287,127.0514162,강남구
49,서울특별시 강남구,서울학동초등학교,37.51206565,127.03980940000001,강남구
50,서울특별시 송파구,서울가동초등학교,37.49741173,127.1300169,송파구
51,서울특별시 송파구,서울가원초등학교,37.48944098,127.11102930000001,송파구
52,서울특별시 송파구,서울가주초등학교,37.49656559,127.1292872,송파구
53,서울특별시 강동구,서울강동초등학교,37.54636479,127.1301879,강동구
54,서울특별시 강동구,서울강일초등학교,37.5,127.1,송파구
55,서울특별시 송파구,서울거여초등학교,37.50516583,127.14097360000001,송파구
56,서울특별시 송파구,서울거원초등학교,37.487601,127.144669,송파구
57,서울특별시 강동구,서울고덕초등학교,37.560722999999996,127.16655700000001,강동구
58,서울특별시 강동구,서울고명초등학교,37.55297225,127.14743729999999,강동구
59,서울특별시 강동구,서울길동초등학교,37.53859177,127.1449741,강동구
60,서울특별시 송파구,서울남천초등학교,37.501445200000006,127.1507649,송파구
61,서울특별시 강동구,서울대명초등학교,37.547292,127.15324299999999,강동구
62,서울특별시 송파구,서울마천초등학교,37.49550698,127.1526301,송파구
63,서울특별시 강동구,서울명덕초등학교,37.55676296,127.1450817,강동구
64,서울특별시 강동구,서울명원초등학교,37.55128893,127.1504986,강동구
65,서울특별시 강동구,서울명일초등학교,37.55454236,127.14256950000001,강동구
66,서울특별시 강동구,서울묘곡초등학교,37.558201000000004,127.153231,강동구
67,서울특별시 송파구,서울문덕초등학교,37.485326,127.12739499999999,송파구
68,서울특별시 송파구,서울문정초등학교,37.48907312,127.1290119,송파구
69,서울특별시 송파구,서울방산초등학교,37.509493,127.12106599999998,송파구
70,서울특별시 송파구,서울방이초등학교,37.513554,127.12093999999999,송파구
71,서울특별시 송파구,서울삼전초등학교,37.50169921,127.09326940000001,송파구
72,서울특별시 강동구,서울상일초등학교,37.54757172,127.1726617,강동구
73,서울특별시 송파구,서울석촌초등학교,37.5,127.1,송파구
74,서울특별시 강동구,서울선린초등학교,37.52921,127.145793,강동구
75,서울특별시 강동구,서울선사초등학교,37.55584906,127.1282034,강동구
76,서울특별시 강동구,서울성내초등학교,37.53135876,127.1225001,강동구
77,서울특별시 강동구,서울성일초등학교,37.53,127.11,송파구
78,서울특별시 송파구,서울세륜초등학교,37.51855907,127.13416200000002,송파구
79,서울특별시 송파구,서울송전초등학교,37.50881566,127.0951331,송파구
80,서울특별시 송파구,서울송파초등학교,37.50713665,127.11111880000001,송파구
81,서울특별시 송파구,서울신가초등학교,37.50036334,127.1198801,송파구
82,서울특별시 강동구,서울신명초등학교,37.54094252,127.14998899999999,강동구
83,서울특별시 강동구,서울신암초등학교,37.55002187,127.1244047,강동구
84,서울특별시 송파구,서울신천초등학교,37.51399831,127.09503559999999,송파구
85,서울특별시 송파구,서울아주초등학교,37.50582752,127.0757669,송파구
86,서울특별시 송파구,서울영풍초등학교,37.4962218,127.1430149,송파구
87,서울특별시 송파구,서울오금초등학교,37.50938617,127.1315713,송파구
88,서울특별시 송파구,서울오륜초등학교,37.51242465,127.1345084,송파구
89,서울특별시 송파구,서울잠동초등학교,37.518515,127.10004099999999,송파구
90,서울특별시 송파구,서울잠신초등학교,37.51414797,127.087946,송파구
91,서울특별시 송파구,서울잠실초등학교,37.5201684,127.1115047,송파구
92,서울특별시 송파구,서울잠일초등학교,37.51473995,127.0816351,송파구
93,서울특별시 송파구,서울잠전초등학교,37.50733935,127.0838483,송파구
94,서울특별시 송파구,서울중대초등학교,37.49981091,127.113605,송파구
95,서울특별시 강동구,서울천동초등학교,37.541015,127.13782759999998,강동구
96,서울특별시 강동구,서울천일초등학교,37.54436095,127.13343880000001,강동구
97,서울특별시 강동구,서울천호초등학교,37.54771987,127.13659059999999,강동구
98,서울특별시 송파구,서울토성초등학교,37.53188106,127.1156313,송파구
99,서울특별시 송파구,서울평화초등학교,37.491587,127.12266899999999,송파구
100,서울특별시 송파구,서울풍납초등학교,37.53508641,127.11786740000001,송파구
101,서울특별시 송파구,서울풍성초등학교,37.52629333,127.1134868,송파구
102,서울특별시 강동구,서울한산초등학교,37.5286963,127.1410767,강동구
103,서울특별시 강서구,서울가곡초등학교,37.5557076,126.8361018,강서구
104,서울특별시 강서구,서울가양초등학교,37.56221656,126.85852050000001,강서구
105,서울특별시 양천구,서울갈산초등학교,37.5,126.8,부천시
106,서울특별시 양천구,서울강서초등학교,37.52241335,126.8409892,양천구
107,서울특별시 양천구,서울강신초등학교,37.543019,126.82927409999999,양천구
108,서울특별시 양천구,서울강월초등학교,37.516341,126.8334325,양천구
109,서울특별시 강서구,서울개화초등학교,37.573669,126.80433899999998,강서구
110,서울특별시 양천구,서울경인초등학교,37.53286985,126.8856977,양천구
111,서울특별시 양천구,서울계남초등학교,37.51016938,126.86001680000001,양천구
112,서울특별시 강서구,서울공진초등학교,37.55782887,126.82261100000001,강서구
113,서울특별시 강서구,서울공항초등학교,37.56308924,126.8216478,강서구
114,서울특별시 양천구,서울남명초등학교,37.51568355,126.85408390000002,양천구
115,서울특별시 강서구,서울내발산초등학교,37.5508811,126.838163,강서구
116,서울특별시 강서구,서울등명초등학교,37.56089508,126.8423834,강서구
117,서울특별시 강서구,서울등서초등학교,37.55188331,126.8550364,강서구
118,서울특별시 강서구,서울등양초등학교,37.5,126.8,부천시
119,서울특별시 강서구,서울등원초등학교,37.560326,126.850073,강서구
120,서울특별시 강서구,서울등촌초등학교,37.54761251,126.8579416,강서구
121,서울특별시 강서구,서울등현초등학교,37.6,126.8,강서구
122,서울특별시 양천구,서울목동초등학교,37.52280796,126.87212009999999,양천구
123,서울특별시 양천구,서울목원초등학교,37.54293623,126.8824461,양천구
124,서울특별시 강서구,서울발산초등학교,37.550352000000004,126.831075,강서구
125,서울특별시 강서구,서울방화초등학교,37.5,126.8,부천시
126,서울특별시 강서구,서울백석초등학교,37.553528,126.862086,강서구
127,서울특별시 강서구,서울삼정초등학교,37.58050789,126.8104935,강서구
128,서울특별시 양천구,서울서정초등학교,37.52345129,126.8672365,양천구
129,서울특별시 강서구,서울송정초등학교,37.5627394,126.81109209999998,강서구
130,서울특별시 강서구,서울송화초등학교,37.56815091,126.8180317,강서구
131,서울특별시 양천구,서울신강초등학교,37.526092999999996,126.841651,양천구
132,서울특별시 강서구,서울신곡초등학교,37.538577000000004,126.855847,강서구
133,서울특별시 양천구,서울신남초등학교,37.516093,126.844697,양천구
134,서울특별시 양천구,서울신목초등학교,37.516832,126.872897,양천구
135,서울특별시 양천구,서울신서초등학교,37.52055887,126.8623322,양천구
136,서울특별시 양천구,서울신원초등학교,37.52951576,126.8298644,양천구
137,서울특별시 강서구,서울신월초등학교,37.539986,126.83902900000001,강서구
138,서울특별시 강서구,서울신정초등학교,37.53207243,126.8523594,강서구
139,서울특별시 양천구,서울양강초등학교,37.52360403,126.8474801,양천구
140,서울특별시 양천구,서울양동초등학교,37.526146999999995,126.85111100000002,양천구
141,서울특별시 양천구,서울양명초등학교,37.51637504,126.8566344,양천구
142,서울특별시 양천구,서울양목초등학교,37.523916799999995,126.86147079999999,양천구
143,서울특별시 양천구,서울양원초등학교,37.5382167,126.82310559999999,양천구
144,서울특별시 강서구,서울양천초등학교,37.570127,126.839551,강서구
145,서울특별시 양천구,서울양화초등학교,37.54366993,126.8739855,양천구
146,서울특별시 강서구,서울염강초등학교,37.56111323,126.86422250000001,강서구
147,서울특별시 강서구,서울염동초등학교,37.55209431,126.8723507,강서구
148,서울특별시 강서구,서울염창초등학교,37.55322433,126.86760020000001,강서구
149,서울특별시 양천구,서울영도초등학교,35.090003,129.04593300000002,영도구
150,서울특별시 강서구,서울우장초등학교,37.54963737,126.8459831,강서구
151,서울특별시 강서구,서울월정초등학교,37.53499572,126.83629199999999,강서구
152,서울특별시 양천구,서울월촌초등학교,37.54069543,126.876258,양천구
153,서울특별시 양천구,서울은정초등학교,37.51112896,126.86704569999999,양천구
154,서울특별시 강서구,서울정곡초등학교,37.57696042,126.81893400000001,강서구
155,서울특별시 양천구,서울정목초등학교,37.53652975,126.870051,양천구
156,서울특별시 양천구,서울지향초등학교,37.5133162,126.83738909999998,양천구
157,서울특별시 강서구,서울치현초등학교,37.57591942,126.81464380000001,강서구
158,서울특별시 강서구,서울탑산초등학교,37.56701674,126.8523675,강서구
159,서울특별시 강서구,서울화곡초등학교,37.543669799999996,126.8464706,강서구
160,서울특별시 강서구,유석초등학교,37.56080163,126.8537787,강서구
161,서울특별시 금천구,동광초등학교,37.451985,126.91671299999999,금천구
162,서울특별시 금천구,서울가산초등학교,37.478125,126.896445,금천구
163,서울특별시 구로구,서울개명초등학교,37.48303805,126.85098159999998,구로구
164,서울특별시 구로구,서울개봉초등학교,37.48952311,126.8579748,구로구
165,서울특별시 구로구,서울개웅초등학교,37.48857258,126.84998459999998,구로구
166,서울특별시 구로구,서울고산초등학교,37.49897363,126.8647738,구로구
167,서울특별시 구로구,서울고척초등학교,37.50094667,126.85698059999999,구로구
168,서울특별시 구로구,서울구로남초등학교,37.4854394,126.890974,구로구
169,서울특별시 구로구,서울구로초등학교,37.49746124,126.8865524,구로구
170,서울특별시 구로구,서울구일초등학교,37.4931916,126.8734733,구로구
171,서울특별시 금천구,서울금산초등학교,37.44144432,126.9080892,금천구
172,서울특별시 금천구,서울금천초등학교,37.454978000000004,126.912769,금천구
173,서울특별시 영등포구,서울당산초등학교,37.54012002,126.8962413,영등포구
174,서울특별시 영등포구,서울당서초등학교,37.53202852,126.89981409999999,영등포구
175,서울특별시 영등포구,서울당중초등학교,37.526185999999996,126.89000700000001,영등포구
176,서울특별시 영등포구,서울대길초등학교,37.29534,126.54483,
177,서울특별시 영등포구,서울대동초등학교,37.49370368,126.9001186,영등포구
178,서울특별시 영등포구,서울대방초등학교,37.50309971,126.9194452,영등포구
179,서울특별시 영등포구,서울대영초등학교,37.300959999999996,126.54211000000001,
180,서울특별시 구로구,서울덕의초등학교,37.50602878,126.85734640000001,구로구
181,서울특별시 영등포구,서울도림초등학교,37.5086805,126.9071155,영등포구
182,서울특별시 영등포구,서울도신초등학교,37.49926879,126.90071280000001,영등포구
183,서울특별시 금천구,서울독산초등학교,37.465365000000006,126.899965,금천구
184,서울특별시 구로구,서울동구로초등학교,37.49159566,126.892301,구로구
185,서울특별시 금천구,서울두산초등학교,37.4675483,126.89094740000002,금천구
186,서울특별시 구로구,서울매봉초등학교,37.50479,126.844402,구로구
187,서울특별시 금천구,서울문교초등학교,37.4665726,126.90888100000001,금천구
188,서울특별시 영등포구,서울문래초등학교,37.518471000000005,126.893229,영등포구
189,서울특별시 금천구,서울문백초등학교,37.44707699,126.8986979,금천구
190,서울특별시 금천구,서울문성초등학교,37.47448626,126.8992759,금천구
191,서울특별시 구로구,서울미래초등학교,37.50510683,126.88807890000001,구로구
192,서울특별시 금천구,서울백산초등학교,37.44678681,126.90514440000001,금천구
193,서울특별시 구로구,서울세곡초등학교,37.50505628,126.8491193,구로구
194,서울특별시 금천구,서울시흥초등학교,37.45533882,126.90464080000001,금천구
195,서울특별시 구로구,서울신구로초등학교,37.49965913,126.8897653,구로구
196,서울특별시 영등포구,서울신대림초등학교,37.49136949,126.9059972,영등포구
197,서울특별시 구로구,서울신도림초등학교,37.51240503,126.8807793,구로구
198,서울특별시 구로구,서울신미림초등학교,37.50714192,126.87955259999998,구로구
199,서울특별시 영등포구,서울신영초등학교,37.50100557,126.89609640000002,영등포구
200,서울특별시 금천구,서울신흥초등학교,37.45934662,126.9093513,금천구
201,서울특별시 금천구,서울안천초등학교,37.4585983,126.8884707,금천구
202,서울특별시 영등포구,서울여의도초등학교,37.52320626,126.93679499999999,영등포구
203,서울특별시 금천구,서울영남초등학교,37.475435,126.90986399999998,금천구
204,서울특별시 영등포구,서울영동초등학교,37.52653,126.90741899999999,영등포구
205,서울특별시 영등포구,서울영등포초등학교,37.51294757,126.89826059999999,영등포구
206,서울특별시 영등포구,서울영림초등학교,37.48744,126.902652,영등포구
207,서울특별시 구로구,서울영서초등학교,37.4883984,126.8947321,구로구
208,서울특별시 영등포구,서울영신초등학교,37.5098097,126.9184291,영등포구
209,서울특별시 영등포구,서울영원초등학교,37.510888,126.90218899999999,영등포구
210,서울특별시 구로구,서울영일초등학교,37.48564457,126.8838114,구로구
211,서울특별시 영등포구,서울영중초등학교,37.523798,126.90392990000001,영등포구
212,서울특별시 구로구,서울오류남초등학교,37.48968634,126.83911370000001,구로구
213,서울특별시 구로구,서울오류초등학교,37.498195,126.84234599999999,구로구
214,서울특별시 구로구,서울오정초등학교,37.489698,126.826203,구로구
215,서울특별시 구로구,서울온수초등학교,37.49400335,126.82596909999998,구로구
216,서울특별시 영등포구,서울우신초등학교,37.510414000000004,126.911806,영등포구
217,서울특별시 영등포구,서울윤중초등학교,37.519335,126.923152,영등포구
218,서울특별시 금천구,서울정심초등학교,37.47199234,126.9082146,금천구
219,서울특별시 금천구,서울탑동초등학교,37.45251781,126.9153675,금천구
220,서울특별시 동대문구,경희초등학교,37.594945,127.04909199999999,동대문구
221,서울특별시 중랑구,금성초등학교,37.61531395,127.0898591,중랑구
222,서울특별시 동대문구,서울삼육초등학교,37.58877033,127.04717360000001,동대문구
223,서울특별시 동대문구,서울군자초등학교,37.56412385,127.0605231,동대문구
224,서울특별시 동대문구,서울답십리초등학교,37.56880432,127.05542859999998,동대문구
225,서울특별시 동대문구,서울동답초등학교,37.57150295,127.06403359999999,동대문구
226,서울특별시 중랑구,서울동원초등학교,37.60457653,127.10449140000001,중랑구
227,서울특별시 중랑구,서울망우초등학교,37.598518,127.10334399999999,중랑구
228,서울특별시 중랑구,서울면남초등학교,37.57726134,127.087667,중랑구
229,서울특별시 중랑구,서울면동초등학교,37.58535305,127.08659409999999,중랑구
230,서울특별시 중랑구,서울면목초등학교,37.59069723,127.08728870000002,중랑구
231,서울특별시 중랑구,서울면북초등학교,37.59441779,127.10354869999999,중랑구
232,서울특별시 중랑구,서울면일초등학교,37.59204241,127.0997953,중랑구
233,서울특별시 중랑구,서울면중초등학교,37.58244053,127.09654909999999,중랑구
234,서울특별시 중랑구,서울묵동초등학교,37.60335895,127.08082590000001,중랑구
235,서울특별시 동대문구,서울배봉초등학교,37.580154,127.065973,동대문구
236,서울특별시 중랑구,서울봉화초등학교,37.61357488,127.09240770000001,중랑구
237,서울특별시 중랑구,서울상봉초등학교,37.59798021,127.0831709,중랑구
238,서울특별시 중랑구,서울신내초등학교,37.6049335,127.10012959999999,중랑구
239,서울특별시 동대문구,서울신답초등학교,37.57270542,127.0429615,동대문구
240,서울특별시 중랑구,서울신묵초등학교,37.60652294,127.0758372,중랑구
241,서울특별시 중랑구,서울신현초등학교,37.6056743,127.0936591,중랑구
242,서울특별시 동대문구,서울안평초등학교,37.56596984,127.0720337,동대문구
243,서울특별시 동대문구,서울용두초등학교,37.57641471,127.02838729999999,동대문구
244,서울특별시 중랑구,서울원묵초등학교,37.6177489,127.0868129,중랑구
245,서울특별시 동대문구,서울이문초등학교,37.602329,127.064292,동대문구
246,서울특별시 동대문구,서울장평초등학교,37.57287151,127.05895890000002,동대문구
247,서울특별시 동대문구,서울전곡초등학교,37.580525,127.05645,동대문구
248,서울특별시 동대문구,서울전농초등학교,37.57472977,127.0543327,동대문구
249,서울특별시 동대문구,서울전동초등학교,37.57908383,127.06080690000002,동대문구
250,서울특별시 동대문구,서울종암초등학교,37.58230633,127.0318584,동대문구
251,서울특별시 중랑구,서울중곡초등학교,37.57489299,127.0834395,중랑구
252,서울특별시 중랑구,서울중랑초등학교,37.58966381,127.07550309999999,중랑구
253,서울특별시 중랑구,서울중목초등학교,37.59008654,127.0793713,중랑구
254,서울특별시 중랑구,서울중화초등학교,37.60292027,127.094066,중랑구
255,서울특별시 중랑구,서울중흥초등학교,37.60167359,127.08414429999999,중랑구
256,서울특별시 동대문구,서울청량초등학교,37.59230922,127.055908,동대문구
257,서울특별시 동대문구,서울홍릉초등학교,37.5907831,127.047101,동대문구
258,서울특별시 동대문구,서울홍파초등학교,37.58620351,127.0395183,동대문구
259,서울특별시 동대문구,서울휘경초등학교,37.585,127.05799999999999,동대문구
260,서울특별시 동대문구,은석초등학교,37.578434,127.075702,동대문구
261,서울특별시 동작구,서울강남초등학교,37.505891999999996,126.953153,동작구
262,서울특별시 관악구,서울관악초등학교,37.48102412,126.94255600000001,관악구
263,서울특별시 관악구,서울구암초등학교,37.48,126.94,관악구
264,서울특별시 관악구,서울난곡초등학교,37.46912956,126.9163436,관악구
265,서울특별시 관악구,서울난우초등학교,37.477123,126.917524,관악구
266,서울특별시 관악구,서울난향초등학교,37.4,126.9,안양시 만안구
267,서울특별시 관악구,서울남부초등학교,37.48512106,126.92218259999999,관악구
268,서울특별시 동작구,서울남사초등학교,37.482523,126.978839,동작구
269,서울특별시 동작구,서울남성초등학교,37.48459633,126.9754872,동작구
270,서울특별시 동작구,서울노량진초등학교,37.51175119,126.94082220000001,동작구
271,서울특별시 관악구,서울당곡초등학교,37.4,126.9,안양시 만안구
272,서울특별시 동작구,서울대림초등학교,37.500823,126.92523500000001,동작구
273,서울특별시 동작구,서울동작초등학교,37.49411478,126.97651090000002,동작구
274,서울특별시 동작구,서울문창초등학교,37.48898312,126.9148425,동작구
275,서울특별시 관악구,서울미성초등학교,37.478137700000005,126.91265530000001,관악구
276,서울특별시 동작구,서울본동초등학교,37.50992616,126.9538533,동작구
277,서울특별시 관악구,서울봉천초등학교,37.48326879,126.9581888,관악구
278,서울특별시 관악구,서울사당초등학교,37.47383781,126.97335179999999,관악구
279,서울특별시 관악구,서울삼성초등학교,37.4,126.9,안양시 만안구
280,서울특별시 동작구,서울상도초등학교,37.50034624,126.93727120000001,동작구
281,서울특별시 동작구,서울신길초등학교,37.51007796,126.9262919,동작구
282,서울특별시 동작구,서울신남성초등학교,37.489018,126.96545400000001,동작구
283,서울특별시 관악구,서울신림초등학교,37.47711949,126.92687590000001,관악구
284,서울특별시 관악구,서울신봉초등학교,37.48557554,126.9493908,관악구
285,서울특별시 동작구,서울신상도초등학교,37.500323,126.943968,동작구
286,서울특별시 관악구,서울신성초등학교,37.47200385,126.93675220000002,관악구
287,서울특별시 관악구,서울신우초등학교,37.46326532,126.93253659999999,관악구
288,서울특별시 동작구,서울영본초등학교,37.51117093,126.94847320000001,동작구
289,서울특별시 동작구,서울영화초등학교,37.50890703,126.9329751,동작구
290,서울특별시 관악구,서울원당초등학교,37.48127866,126.9562498,관악구
291,서울특별시 관악구,서울원신초등학교,37.46719779,126.9272428,관악구
292,서울특별시 동작구,서울은로초등학교,37.503762,126.96073799999999,동작구
293,서울특별시 관악구,서울은천초등학교,37.4865852,126.94267830000001,관악구
294,서울특별시 관악구,서울인헌초등학교,37.47675328,126.9598656,관악구
295,서울특별시 관악구,서울청룡초등학교,37.47672482,126.95128249999999,관악구
296,서울특별시 동작구,서울행림초등학교,37.483017,126.9645288,동작구
297,서울특별시 동작구,서울흑석초등학교,37.5082938,126.96513290000001,동작구
298,서울특별시 동작구,중앙대학교사범대학부속초등학교,37.5054521,126.9596784,동작구
299,서울특별시 도봉구,동북초등학교,37.65507873,127.0261507,도봉구
300,서울특별시 노원구,상명초등학교,37.64872329999999,127.066969,노원구
301,서울특별시 노원구,서울계상초등학교,37.66219741,127.06867659999999,노원구
302,서울특별시 노원구,서울공릉초등학교,37.61861498,127.0746307,노원구
303,서울특별시 노원구,서울공연초등학교,37.62754924,127.0745082,노원구
304,서울특별시 노원구,서울노원초등학교,37.6,127.0,성북구
305,서울특별시 노원구,서울노일초등학교,37.67375516,127.05496699999999,노원구
306,서울특별시 노원구,서울녹천초등학교,37.62850733,127.0631173,노원구
307,서울특별시 도봉구,서울누원초등학교,37.68723271,127.0492675,도봉구
308,서울특별시 노원구,서울당현초등학교,37.64825944,127.05821170000002,노원구
309,서울특별시 도봉구,서울도봉초등학교,37.67996049,127.0382892,도봉구
310,서울특별시 노원구,서울동일초등학교,37.6648142,127.0541716,노원구
311,서울특별시 도봉구,서울방학초등학교,37.664101,127.032016,도봉구
312,서울특별시 노원구,서울불암초등학교,37.65078343,127.0806007,노원구
313,서울특별시 노원구,서울상경초등학교,37.67055277,127.05167309999999,노원구
314,서울특별시 노원구,서울상계초등학교,37.65962546,127.0664937,노원구
315,서울특별시 노원구,서울상곡초등학교,37.66290383,127.06207659999998,노원구
316,서울특별시 노원구,서울상수초등학교,37.651990999999995,127.064846,노원구
317,서울특별시 노원구,서울상원초등학교,37.7,127.1,남양주시
318,서울특별시 노원구,서울상월초등학교,37.65865377,127.0569822,노원구
319,서울특별시 노원구,서울상천초등학교,37.64628468,127.0578068,노원구
320,서울특별시 노원구,서울선곡초등학교,37.61869289,127.05780349999999,노원구
321,서울특별시 노원구,서울수락초등학교,37.68450193,127.05518359999999,노원구
322,서울특별시 노원구,서울수암초등학교,37.648425,127.08153999999999,노원구
323,서울특별시 도봉구,서울숭미초등학교,37.65102389,127.0279443,도봉구
324,서울특별시 노원구,서울신계초등학교,37.62979181,127.0527686,노원구
325,서울특별시 도봉구,서울신방학초등학교,37.66668272,127.02892040000002,도봉구
326,서울특별시 노원구,서울신상계초등학교,37.66742959,127.07573590000001,노원구
327,서울특별시 도봉구,서울신창초등학교,37.63653908,127.0420828,도봉구
328,서울특별시 도봉구,서울신학초등학교,37.66121991,127.0257222,도봉구
329,서울특별시 도봉구,서울신화초등학교,37.63319504,127.0408845,도봉구
330,서울특별시 도봉구,서울쌍문초등학교,37.6489,127.024422,도봉구
331,서울특별시 노원구,서울연지초등학교,37.63319071,127.0595368,노원구
332,서울특별시 노원구,서울연촌초등학교,37.634415999999995,127.0725121,노원구
333,서울특별시 도봉구,서울오봉초등학교,37.672244,127.040476,도봉구
334,서울특별시 노원구,서울온곡초등학교,37.66754,127.0659114,노원구
335,서울특별시 노원구,서울용동초등학교,37.64108534,127.0690832,노원구
336,서울특별시 노원구,서울용원초등학교,37.62992402,127.06894140000001,노원구
337,서울특별시 노원구,서울원광초등학교,37.65431182,127.0749157,노원구
338,서울특별시 노원구,서울월계초등학교,37.62761975,127.0501888,노원구
339,서울특별시 도봉구,서울월천초등학교,37.64804621,127.05175259999999,도봉구
340,서울특별시 노원구,서울을지초등학교,37.65059011,127.0730898,노원구
341,서울특별시 도봉구,서울자운초등학교,37.65800959,127.04668240000001,도봉구
342,서울특별시 노원구,서울중계초등학교,37.65784108,127.07331,노원구
343,서울특별시 노원구,서울중원초등학교,37.64398283,127.0627678,노원구
344,서울특별시 노원구,서울중평초등학교,37.63753475,127.0639634,노원구
345,서울특별시 노원구,서울중현초등학교,37.6324103,127.066432,노원구
346,서울특별시 도봉구,서울창경초등학교,37.6565018,127.03468159999998,도봉구
347,서울특별시 도봉구,서울창도초등학교,37.66413541,127.04878529999999,도봉구
348,서울특별시 도봉구,서울창동초등학교,37.65536142,127.04483130000001,도봉구
349,서울특별시 도봉구,서울창림초등학교,37.64323537,127.0416061,도봉구
350,서울특별시 도봉구,서울창원초등학교,37.652431,127.040555,도봉구
351,서울특별시 도봉구,서울창일초등학교,37.64765872,127.04762779999999,도봉구
352,서울특별시 노원구,서울청계초등학교,37.64503334,127.0661408,노원구
353,서울특별시 도봉구,서울초당초등학교,37.6,127.0,성북구
354,서울특별시 노원구,서울태랑초등학교,37.62625137,127.09060179999999,노원구
355,서울특별시 노원구,서울태릉초등학교,37.62310204,127.0850611,노원구
356,서울특별시 노원구,서울한천초등학교,37.620166999999995,127.069042,노원구
357,서울특별시 노원구,청원초등학교,37.665317,127.061327,노원구
358,서울특별시 노원구,태강삼육초등학교,37.641795,127.110518,노원구
359,서울특별시 도봉구,한신초등학교,37.653226000000004,127.032803,도봉구
360,서울특별시 노원구,화랑초등학교,37.62878257,127.08899170000001,노원구
361,서울특별시 서대문구,경기초등학교,37.5651102,126.9628608,서대문구
362,서울특별시 서대문구,명지초등학교,37.58362949,126.9282301,서대문구
363,서울특별시 은평구,서울갈현초등학교,37.619314,126.91651100000001,은평구
364,서울특별시 서대문구,서울고은초등학교,37.58500031,126.94397520000001,서대문구
365,서울특별시 마포구,서울공덕초등학교,37.54580443,126.9548225,마포구
366,서울특별시 은평구,서울구산초등학교,37.61230025,126.90910249999999,은평구
367,서울특별시 서대문구,서울금화초등학교,37.5682696,126.96331640000001,서대문구
368,서울특별시 은평구,서울녹번초등학교,37.60458501,126.9257457,은평구
369,서울특별시 서대문구,서울대신초등학교,37.55770202,126.9480383,서대문구
370,서울특별시 은평구,서울대은초등학교,37.6121246,126.9259104,은평구
371,서울특별시 은평구,서울대조초등학교,37.6,126.9,고양시 덕양구
372,서울특별시 마포구,서울동교초등학교,37.5,126.9,영등포구
373,서울특별시 마포구,서울마포초등학교,37.53860162,126.94981659999999,마포구
374,서울특별시 마포구,서울망원초등학교,37.56089011,126.9007624,마포구
375,서울특별시 서대문구,서울미동초등학교,37.56334876,126.96588590000002,서대문구
376,서울특별시 서대문구,서울북가좌초등학교,37.577655,126.90749699999999,서대문구
377,서울특별시 서대문구,서울북성초등학교,37.55963176,126.95183529999998,서대문구
378,서울특별시 은평구,서울북한산초등학교,37.65363326,126.95046459999999,은평구
379,서울특별시 은평구,서울불광초등학교,37.61342855,126.93072040000001,은평구
380,서울특별시 은평구,서울상신초등학교,37.59795343,126.90520190000001,은평구
381,서울특별시 마포구,서울상암초등학교,37.576336600000005,126.89234209999998,마포구
382,서울특별시 마포구,서울서강초등학교,37.54869526,126.9268966,마포구
383,서울특별시 마포구,서울서교초등학교,37.554941,126.924899,마포구
384,서울특별시 마포구,서울성산초등학교,37.55342716,126.9109486,마포구
385,서울특별시 마포구,서울성서초등학교,37.56062471,126.91145159999998,마포구
386,서울특별시 마포구,서울성원초등학교,37.56697719,126.90508729999999,마포구
387,서울특별시 마포구,서울소의초등학교,37.55278024,126.96065779999999,마포구
388,서울특별시 은평구,서울수색초등학교,37.58517323,126.89601119999999,은평구
389,서울특별시 은평구,서울신도초등학교,37.63293942,126.92919779999998,은평구
390,서울특별시 마포구,서울신북초등학교,37.57110397,126.9053628,마포구
391,서울특별시 은평구,서울신사초등학교,37.592835,126.91235800000001,은평구
392,서울특별시 마포구,서울신석초등학교,37.543915999999996,126.93782,마포구
393,서울특별시 마포구,서울아현초등학교,37.55583127,126.95624240000001,마포구
394,서울특별시 서대문구,서울안산초등학교,37.5791691,126.95221210000001,서대문구
395,서울특별시 은평구,서울역촌초등학교,37.6015857,126.9139261,은평구
396,서울특별시 서대문구,서울연가초등학교,37.57956428,126.91732959999999,서대문구
397,서울특별시 은평구,서울연신초등학교,37.6266794,126.9285544,은평구
398,서울특별시 은평구,서울연은초등학교,37.590331,126.925224,은평구
399,서울특별시 은평구,서울연천초등학교,37.62134956,126.9299202,은평구
400,서울특별시 서대문구,서울연희초등학교,37.340959999999995,126.56016000000001,
401,서울특별시 마포구,서울염리초등학교,37.542562,126.945821,마포구
402,서울특별시 마포구,서울용강초등학교,37.54910107,126.9440428,마포구
403,서울특별시 은평구,서울은평초등학교,37.601936,126.934486,은평구
404,서울특별시 은평구,서울응암초등학교,37.58861679,126.92163570000001,은평구
405,서울특별시 서대문구,서울인왕초등학교,37.59021925,126.94480459999998,서대문구
406,서울특별시 마포구,서울중동초등학교,37.5,126.9,영등포구
407,서울특별시 은평구,서울증산초등학교,37.58256374,126.904275,은평구
408,서울특별시 서대문구,서울창서초등학교,37.55814161,126.93347879999999,서대문구
409,서울특별시 마포구,서울창천초등학교,37.554877000000005,126.939637,마포구
410,서울특별시 마포구,서울한서초등학교,37.55364828,126.9497794,마포구
411,서울특별시 서대문구,서울홍연초등학교,37.5819985,126.9309307,서대문구
412,서울특별시 서대문구,서울홍은초등학교,37.59754099,126.94946000000002,서대문구
413,서울특별시 서대문구,서울홍제초등학교,37.59350636,126.9454227,서대문구
414,서울특별시 은평구,선일초등학교,37.619772999999995,126.91328700000001,은평구
415,서울특별시 은평구,예일초등학교,37.610224,126.914341,은평구
416,서울특별시 서대문구,이화여자대학교사범대학부속초등학교,37.5611486,126.94277520000001,서대문구
417,서울특별시 서대문구,추계초등학교,37.56368,126.953127,서대문구
418,서울특별시 은평구,충암초등학교,37.585434,126.92258500000001,은평구
419,서울특별시 마포구,홍익대학교사범대학부속초등학교,37.55964573,126.91320929999999,마포구
420,서울특별시 광진구,경복초등학교,37.549721999999996,127.08678400000001,광진구
421,서울특별시 성동구,서울경동초등학교,37.54382386,127.0500737,성동구
422,서울특별시 성동구,서울경수초등학교,37.54043604,127.0580689,성동구
423,서울특별시 성동구,서울경일초등학교,37.54094208,127.0466048,성동구
424,서울특별시 광진구,서울광남초등학교,37.54078944,127.1006638,광진구
425,서울특별시 광진구,서울광장초등학교,37.548505299999995,127.10105829999999,광진구
426,서울특별시 광진구,서울구남초등학교,37.53709497,127.0922906,광진구
427,서울특별시 광진구,서울구의초등학교,37.54300708,127.0803126,광진구
428,서울특별시 성동구,서울금북초등학교,37.55749486,127.0235588,성동구
429,서울특별시 성동구,서울금옥초등학교,37.54630189,127.01765290000002,성동구
430,서울특별시 성동구,서울금호초등학교,37.55189839,127.02075500000001,성동구
431,서울특별시 성동구,서울동명초등학교,37.568565,127.03537,성동구
432,서울특별시 광진구,서울동의초등학교,37.55342281,127.09904660000001,광진구
433,서울특별시 광진구,서울동자초등학교,37.535058299999996,127.0721804,광진구
434,서울특별시 성동구,서울무학초등학교,37.56327429,127.0296455,성동구
435,서울특별시 성동구,서울사근초등학교,37.5,127.0,서초구
436,서울특별시 성동구,서울성수초등학교,37.544309000000005,127.063378,성동구
437,서울특별시 광진구,서울성자초등학교,37.531162,127.083148,광진구
438,서울특별시 광진구,서울신양초등학교,37.53468119,127.06999409999999,광진구
439,서울특별시 광진구,서울신자초등학교,37.53024482,127.0755879,광진구
440,서울특별시 광진구,서울양남초등학교,37.53112189,127.0892331,광진구
441,서울특별시 성동구,서울옥수초등학교,37.54592271,127.0221882,성동구
442,서울특별시 성동구,서울옥정초등학교,37.54230893,127.01578719999999,성동구
443,서울특별시 광진구,서울용곡초등학교,37.56710835,127.088452,광진구
444,서울특별시 성동구,서울용답초등학교,37.56072856,127.0537611,성동구
445,서울특별시 성동구,서울응봉초등학교,37.55025195,127.033832,성동구
446,서울특별시 광진구,서울자양초등학교,37.53698878,127.0797404,광진구
447,서울특별시 광진구,서울장안초등학교,37.5498778,127.07240290000001,광진구
448,서울특별시 광진구,서울중광초등학교,37.56524205,127.0826953,광진구
449,서울특별시 광진구,서울중마초등학교,37.5661418,127.0800646,광진구
450,서울특별시 성동구,서울행당초등학교,37.55701994,127.0348717,성동구
451,서울특별시 광진구,서울화양초등학교,37.5,127.1,송파구
452,서울특별시 광진구,성동초등학교,37.53328065,127.0892809,광진구
453,서울특별시 광진구,세종초등학교,37.5530324,127.0729061,광진구
454,서울특별시 성동구,한양초등학교,37.55761986,127.05026399999998,성동구
455,서울특별시 성북구,광운초등학교,37.61905819,127.0550899,성북구
456,서울특별시 성북구,대광초등학교,37.57915122,127.02344790000001,성북구
457,서울특별시 성북구,매원초등학교,37.598015000000004,127.019023,성북구
458,서울특별시 성북구,서울개운초등학교,37.601824,127.027576,성북구
459,서울특별시 성북구,서울길음초등학교,37.61363151,127.01665849999999,성북구
460,서울특별시 성북구,서울돈암초등학교,37.593348999999996,127.01300900000001,성북구
461,서울특별시 성북구,서울동신초등학교,37.58328607,127.01705929999999,성북구
462,서울특별시 성북구,서울미아초등학교,37.61058896,127.0216457,성북구
463,서울특별시 강북구,서울미양초등학교,37.621221399999996,127.01370390000001,강북구
464,서울특별시 강북구,서울번동초등학교,37.62902557,127.04003940000001,강북구
465,서울특별시 강북구,서울삼각산초등학교,37.616162,127.014471,강북구
466,서울특별시 성북구,서울삼선초등학교,37.58714288,127.0126717,성북구
467,서울특별시 강북구,서울삼양초등학교,37.62329377,127.01614860000001,강북구
468,서울특별시 성북구,서울석관초등학교,37.61102341,127.05835479999999,성북구
469,서울특별시 성북구,서울성북초등학교,37.593839,126.998319,성북구
470,서울특별시 강북구,서울송중초등학교,37.61700179,127.0314655,강북구
471,서울특별시 강북구,서울송천초등학교,37.615716,127.023401,강북구
472,서울특별시 강북구,서울수송초등학교,37.63732397,127.03320520000001,강북구
473,서울특별시 강북구,서울수유초등학교,37.630802,127.02036899999999,강북구
474,서울특별시 성북구,서울숭곡초등학교,37.60843122,127.03281640000002,성북구
475,서울특별시 성북구,서울숭덕초등학교,37.60381836,127.01329059999999,성북구
476,서울특별시 성북구,서울숭례초등학교,37.6,127.0,성북구
477,서울특별시 성북구,서울숭인초등학교,37.60916119,127.0382348,성북구
478,서울특별시 성북구,서울안암초등학교,37.587199700000006,127.02263130000001,성북구
479,서울특별시 강북구,서울오현초등학교,37.623597,127.046649,강북구
480,서울특별시 강북구,서울우이초등학교,37.6387116,127.0150054,강북구
481,서울특별시 성북구,서울월곡초등학교,37.61002333,127.0460816,성북구
482,서울특별시 강북구,서울유현초등학교,37.63234744,127.0114196,강북구
483,서울특별시 강북구,서울인수초등학교,37.64305134,127.00913700000001,강북구
484,서울특별시 성북구,서울일신초등학교,37.59881357,127.04017720000002,성북구
485,서울특별시 성북구,서울장곡초등학교,37.61683038,127.0481563,성북구
486,서울특별시 성북구,서울장위초등학교,37.6114417,127.0500057,성북구
487,서울특별시 성북구,서울정덕초등학교,37.597773,127.013625,성북구
488,서울특별시 성북구,서울정릉초등학교,37.61979533,127.0052558,성북구
489,서울특별시 성북구,서울정수초등학교,37.60377561,127.0077189,성북구
490,서울특별시 성북구,서울청덕초등학교,37.61203253,127.0003352,성북구
491,서울특별시 강북구,서울화계초등학교,37.62388579,127.02971480000001,강북구
492,서울특별시 성북구,성신초등학교,37.593866,127.0233,성북구
493,서울특별시 강북구,영훈초등학교,37.613195000000005,127.02788100000001,강북구
494,서울특별시 성북구,우촌초등학교,37.59559424,127.0121206,성북구
495,서울특별시 서초구,계성초등학교,37.50491473,126.9968242,서초구
496,서울특별시 중구,동산초등학교,37.556205799999994,127.0167272,중구
497,서울특별시 중구,리라초등학교,37.5576514,126.9881018,중구
498,서울특별시 종로구,상명대학교사범대학부속초등학교,37.60044146,126.9567146,종로구
499,서울특별시 중구,서울광희초등학교,37.56729901,127.0156883,중구
500,서울특별시 종로구,서울교동초등학교,37.57500477,126.98814990000001,종로구
501,서울특별시 용산구,서울금양초등학교,37.540941499999995,126.9618318,용산구
502,서울특별시 중구,서울남산초등학교,37.559945,126.986644,중구
503,서울특별시 용산구,서울남정초등학교,37.5,126.9,영등포구
504,서울특별시 중구,서울덕수초등학교,37.56908852,126.9746581,중구
505,서울특별시 종로구,서울독립문초등학교,37.57421652,126.9599719,종로구
506,서울특별시 종로구,서울매동초등학교,37.577498299999995,126.9669436,종로구
507,서울특별시 종로구,서울명신초등학교,37.58145198,127.0146226,종로구
508,서울특별시 용산구,서울보광초등학교,37.53253948,126.99639309999999,용산구
509,서울특별시 중구,서울봉래초등학교,37.5564109,126.96525079999999,중구
510,서울특별시 용산구,서울삼광초등학교,37.547385999999996,126.976804,용산구
511,서울특별시 용산구,서울서빙고초등학교,37.521314000000004,126.99170900000001,용산구
512,서울특별시 종로구,서울세검정초등학교,37.60347028,126.9609709,종로구
513,서울특별시 성동구,서울숭신초등학교,37.5679207,127.0277146,성동구
514,서울특별시 용산구,서울신용산초등학교,37.52062932,126.9753668,용산구
515,서울특별시 용산구,서울용산초등학교,37.53561416,126.9725514,용산구
516,서울특별시 용산구,서울용암초등학교,37.5,126.9,영등포구
517,서울특별시 용산구,서울원효초등학교,37.53616243,126.95154709999998,용산구
518,서울특별시 중구,서울장충초등학교,37.55997257,127.0117028,중구
519,서울특별시 종로구,서울재동초등학교,37.58002838,126.98517849999999,종로구
520,서울특별시 종로구,서울창신초등학교,37.57621184,127.0142955,종로구
521,서울특별시 중구,서울청구초등학교,37.55911821,127.0137263,중구
522,서울특별시 종로구,서울청운초등학교,37.6,127.0,성북구
523,서울특별시 용산구,서울청파초등학교,37.5473031,126.963544,용산구
524,서울특별시 중구,서울충무초등학교,37.56194813,127.001236,중구
525,서울특별시 용산구,서울한강초등학교,37.52522545,126.9650978,용산구
526,서울특별시 용산구,서울한남초등학교,37.5392032,127.0055986,용산구
527,서울특별시 종로구,서울혜화초등학교,37.5886356,127.00025359999998,종로구
528,서울특별시 종로구,서울효제초등학교,37.57268796,127.00349109999999,종로구
529,서울특별시 용산구,서울후암초등학교,37.55136541,126.98172579999999,용산구
530,서울특별시 중구,서울흥인초등학교,37.6,127.0,성북구
531,서울특별시 중구,숭의초등학교,37.556283,126.98797900000001,중구
532,서울특별시 용산구,신광초등학교,37.542654999999996,126.970215,용산구
533,서울특별시 종로구,운현초등학교,37.5,126.9,영등포구
534,서울특별시 양천구,서울신기초등학교,37.51131204,126.85421459999999,양천구
535,서울특별시 금천구,서울금동초등학교,37.44773957,126.91639909999999,금천구
536,서울특별시 노원구,서울덕암초등학교,37.666622100000005,127.0814611,노원구
537,서울특별시 관악구,서울봉현초등학교,37.49123996,126.9555881,관악구
538,서울특별시 광진구,서울광진초등학교,37.54761218,127.09133490000002,광진구
539,서울특별시 은평구,서울연광초등학교,37.62364876,126.9239098,은평구
540,서울특별시 구로구,서울고원초등학교,37.49761248,126.8657986,구로구
541,서울특별시 도봉구,서울가인초등학교,37.65946699,127.04295249999998,도봉구
542,서울특별시 중랑구,서울묵현초등학교,37.6090795,127.0736925,중랑구
543,서울특별시 광진구,서울양진초등학교,37.544315999999995,127.09841599999999,광진구
544,서울특별시 성동구,서울마장초등학교,37.567816,127.042519,성동구
545,서울특별시 은평구,서울서신초등학교,37.5,126.9,영등포구
546,서울특별시 성북구,서울석계초등학교,37.60881522,127.06973290000002,성북구
547,서울특별시 동작구,서울보라매초등학교,37.49585333,126.91614640000002,동작구
548,서울특별시 강서구,서울염경초등학교,37.5550704,126.87131940000002,강서구
549,서울특별시 영등포구,서울영문초등학교,37.51980714,126.88759089999999,영등포구
550,서울특별시 관악구,서울조원초등학교,37.48412813,126.9095068,관악구
551,서울특별시 강서구,서울화일초등학교,37.540564,126.847489,강서구
552,서울특별시 성동구,서울행현초등학교,37.557543,127.02925900000001,성동구
553,서울특별시 성북구,서울길원초등학교,37.60906528,127.0167979,성북구
554,서울특별시 양천구,서울장수초등학교,37.5130019,126.8451513,양천구
555,서울특별시 성북구,서울장월초등학교,37.62208,127.047077,성북구
556,서울특별시 동대문구,서울휘봉초등학교,37.5862049,127.06791000000001,동대문구
557,서울특별시 마포구,서울상지초등학교,37.57975057,126.8820758,마포구
558,서울특별시 영등포구,서울선유초등학교,37.53288009,126.8927757,영등포구
559,서울특별시 중구,서울신당초등학교,37.56362522,127.0236739,중구
560,서울특별시 송파구,서울버들초등학교,37.510391,127.089101,송파구
561,서울특별시 송파구,서울문현초등학교,37.48278992,127.1302584,송파구
562,서울특별시 동작구,서울삼일초등학교,37.3,126.6,안산시 단원구
563,서울특별시 서초구,서울매헌초등학교,37.47126365,127.0420577,서초구
564,서울특별시 강서구,서울수명초등학교,37.55277438,126.8238815,강서구
565,서울특별시 은평구,서울은명초등학교,37.59767849,126.9182744,은평구
566,서울특별시 송파구,서울개롱초등학교,37.49736081,127.1398869,송파구
567,서울특별시 송파구,서울잠현초등학교,37.52307287,127.1080202,송파구
568,서울특별시 은평구,서울진관초등학교,37.645103000000006,126.92946599999999,은평구
569,서울특별시 양천구,서울목운초등학교,37.526697999999996,126.872941,양천구
570,서울특별시 성동구,서울송원초등학교,37.6,127.1,중랑구
571,서울특별시 강동구,서울강명초등학교,37.554767,127.17328400000001,강동구
572,서울특별시 강서구,서울등마초등학교,37.541925,126.86164199999999,강서구
573,서울특별시 양천구,서울신은초등학교,37.5,126.8,부천시
574,서울특별시 서초구,서울우면초등학교,37.4648619,127.023924,서초구
575,서울특별시 성동구,서울동호초등학교,37.546595,127.010123,성동구
576,서울특별시 구로구,서울천왕초등학교,37.4818981,126.83653909999998,구로구
577,서울특별시 마포구,서울하늘초등학교,37.58580763,126.88086159999999,마포구
578,서울특별시 은평구,서울은빛초등학교,37.64265995,126.9190817,은평구
579,서울특별시 은평구,서울수리초등학교,37.6204079,126.9341672,은평구
580,서울특별시 동작구,서울상현초등학교,37.49487529,126.95266840000001,동작구
581,서울특별시 은평구,서울구현초등학교,37.609626,126.905569,은평구
582,서울특별시 은평구,서울은진초등학교,37.63304233,126.92099540000001,은평구
583,서울특별시 서대문구,서울가재울초등학교,37.5736532,126.91857959999999,서대문구
584,서울특별시 중랑구,서울새솔초등학교,37.61795176,127.1113289,중랑구
585,서울특별시 강남구,서울율현초등학교,37.47097651,127.11581770000001,강남구
586,서울특별시 서초구,서울우솔초등학교,37.45674531,127.0189519,서초구
587,서울특별시 강남구,서울자곡초등학교,37.47444,127.09472199999999,강남구
588,서울특별시 강남구,서울세명초등학교,37.4,127.0,의왕시
589,서울특별시 송파구,서울송례초등학교,37.47788995,127.1384397,송파구
590,서울특별시 송파구,서울위례별초등학교,37.28422,127.08401,용인시 기흥구
591,서울특별시 강동구,서울강솔초등학교,37.562295,127.1815,하남시
592,서울특별시 금천구,서울금나래초등학교,37.4,126.8,시흥시
593,서울특별시 성북구,서울대학교사범대학부설중학교,37.596201,127.03916399999999,성북구
594,서울특별시 종로구,서울대학교사범대학부설여자중학교,37.57792813,127.00389890000001,종로구
595,서울특별시 강남구,개원중학교,37.49164119,127.0714149,강남구
596,서울특별시 서초구,경원중학교,37.51158187,127.0090169,서초구
597,서울특별시 강남구,구룡중학교,37.4861533,127.05612279999998,강남구
598,서울특별시 강남구,압구정중학교,37.53023918,127.03298570000001,강남구
599,서울특별시 강남구,단국대학교사범대학부속중학교,37.4,127.0,의왕시
600,서울특별시 강남구,대명중학교,37.50605588,127.0610643,강남구
601,서울특별시 강남구,대왕중학교,37.48345655,127.0873402,강남구
602,서울특별시 강남구,대청중학교,37.490430200000006,127.0583513,강남구
603,서울특별시 강남구,대치중학교,37.4,127.0,의왕시
604,서울특별시 강남구,도곡중학교,37.49230645,127.0452176,강남구
605,서울특별시 서초구,동덕여자중학교,37.4,126.9,안양시 만안구
606,서울특별시 서초구,반포중학교,37.5,126.9,영등포구
607,서울특별시 서초구,방배중학교,37.494454,126.998434,서초구
608,서울특별시 강남구,봉은중학교,37.5,127.0,서초구
609,서울특별시 서초구,서문여자중학교,37.48877,126.984628,서초구
610,서울특별시 서초구,서운중학교,37.4,127.0,의왕시
611,서울특별시 서초구,서일중학교,37.49852977,127.02321909999999,서초구
612,서울특별시 서초구,서초중학교,37.48553922,127.00852079999999,서초구
613,서울특별시 서초구,세화여자중학교,37.5,126.9,영등포구
614,서울특별시 강남구,수서중학교,37.49120395,127.10237930000001,강남구
615,서울특별시 강남구,숙명여자중학교,37.49147446,127.0526124,강남구
616,서울특별시 강남구,신구중학교,37.527283000000004,127.03216,강남구
617,서울특별시 서초구,신동중학교,37.51691545,127.01291770000002,서초구
618,서울특별시 서초구,신반포중학교,37.50626622,126.996123,서초구
619,서울특별시 강남구,신사중학교,37.52469892,127.0211909,강남구
620,서울특별시 서초구,언남중학교,37.4,127.0,의왕시
621,서울특별시 강남구,언북중학교,37.51942711,127.0331257,강남구
622,서울특별시 강남구,언주중학교,37.5,127.0,서초구
623,서울특별시 강남구,역삼중학교,37.49593424,127.0488928,강남구
624,서울특별시 서초구,영동중학교,37.46593086,127.0252075,서초구
625,서울특별시 서초구,원촌중학교,37.5,127.0,서초구
626,서울특별시 강남구,은성중학교,37.487704,127.036142,강남구
627,서울특별시 서초구,이수중학교,37.4,126.9,안양시 만안구
628,서울특별시 강남구,중동중학교,37.4,127.0,의왕시
629,서울특별시 강남구,진선여자중학교,37.50231001,127.04828619999999,강남구
630,서울특별시 강남구,청담중학교,37.52877545,127.04535279999999,강남구
631,서울특별시 강남구,휘문중학교,37.5,127.1,송파구
632,서울특별시 송파구,가락중학교,37.50248724,127.11875249999999,송파구
633,서울특별시 송파구,가원중학교,37.491000299999996,127.12317150000001,송파구
634,서울특별시 강동구,강일중학교,37.6,127.1,중랑구
635,서울특별시 송파구,거원중학교,37.486999999999995,127.147,송파구
636,서울특별시 강동구,고덕중학교,37.56036706,127.16164479999999,강동구
637,서울특별시 강동구,동북중학교,37.520249,127.140634,강동구
638,서울특별시 강동구,동신중학교,37.53676988,127.13436659999999,강동구
639,서울특별시 강동구,둔촌중학교,37.530632000000004,127.14649299999999,강동구
640,서울특별시 강동구,명일중학교,37.557385,127.147981,강동구
641,서울특별시 송파구,문정중학교,37.48848095,127.1300195,송파구
642,서울특별시 송파구,방산중학교,37.5,127.1,송파구
643,서울특별시 송파구,방이중학교,37.5150094,127.11324350000001,송파구
644,서울특별시 송파구,배명중학교,37.49905,127.095697,송파구
645,서울특별시 강동구,배재중학교,37.55505902,127.15024809999998,강동구
646,서울특별시 송파구,보성중학교,37.520206,127.134853,송파구
647,서울특별시 송파구,보인중학교,37.49814,127.13803200000001,송파구
648,서울특별시 강동구,상일여자중학교,37.54795369,127.1702183,강동구
649,서울특별시 송파구,석촌중학교,37.501203000000004,127.12076299999998,송파구
650,서울특별시 강동구,성내중학교,37.52906317,127.129117,강동구
651,서울특별시 강동구,성덕여자중학교,37.549597,127.14163700000002,강동구
652,서울특별시 송파구,세륜중학교,37.50893243,127.13124479999999,송파구
653,서울특별시 송파구,송파중학교,37.49592336,127.12993290000001,송파구
654,서울특별시 강동구,신명중학교,37.54182637,127.1492982,강동구
655,서울특별시 강동구,신암중학교,37.55636925,127.13361409999999,강동구
656,서울특별시 송파구,신천중학교,37.51643649,127.07770959999999,송파구
657,서울특별시 송파구,아주중학교,37.50522875,127.0765489,송파구
658,서울특별시 송파구,영파여자중학교,37.532854,127.120354,송파구
659,서울특별시 송파구,오금중학교,37.50526983,127.1288,송파구
660,서울특별시 송파구,오륜중학교,37.5,127.1,송파구
661,서울특별시 송파구,오주중학교,37.50150606,127.1362666,송파구
662,서울특별시 송파구,일신여자중학교,37.50088,127.113224,송파구
663,서울특별시 송파구,잠신중학교,37.51616992,127.08780359999999,송파구
664,서울특별시 송파구,잠실중학교,37.517819200000005,127.09866470000001,송파구
665,서울특별시 송파구,정신여자중학교,37.50945438,127.07384779999998,송파구
666,서울특별시 강동구,천일중학교,37.54590987,127.1276387,강동구
667,서울특별시 강동구,천호중학교,37.54651971,127.13969809999999,강동구
668,서울특별시 송파구,풍성중학교,37.52543976,127.11288359999999,송파구
669,서울특별시 강동구,한산중학교,37.52890265,127.1403033,강동구
670,서울특별시 강동구,한영중학교,37.549136,127.15738700000001,강동구
671,서울특별시 양천구,강신중학교,37.51513662,126.8381588,양천구
672,서울특별시 강서구,경서중학교,37.56124257,126.8577618,강서구
673,서울특별시 강서구,공진중학교,37.56692499,126.85105459999998,강서구
674,서울특별시 강서구,공항중학교,37.56217796,126.8149676,강서구
675,서울특별시 양천구,금옥중학교,37.510293,126.844182,양천구
676,서울특별시 강서구,덕원중학교,37.550018,126.82944599999999,강서구
677,서울특별시 강서구,등명중학교,37.56019353,126.84330390000001,강서구
678,서울특별시 강서구,등원중학교,37.55971781,126.85168020000002,강서구
679,서울특별시 강서구,등촌중학교,37.55248302,126.8592134,강서구
680,서울특별시 강서구,마포중학교,37.560364,126.853059,강서구
681,서울특별시 강서구,명덕여자중학교,37.553625,126.83481499999999,강서구
682,서울특별시 양천구,목동중학교,37.52095837,126.87144450000001,양천구
683,서울특별시 양천구,목일중학교,37.5133739,126.8741821,양천구
684,서울특별시 강서구,방원중학교,37.575976000000004,126.808714,강서구
685,서울특별시 강서구,방화중학교,37.56433498,126.8071071,강서구
686,서울특별시 강서구,백석중학교,37.54829127,126.85895420000001,강서구
687,서울특별시 양천구,봉영여자중학교,37.508959999999995,126.861331,양천구
688,서울특별시 강서구,삼정중학교,37.581561,126.810702,강서구
689,서울특별시 강서구,성재중학교,37.56945118,126.84529479999999,강서구
690,서울특별시 강서구,송정중학교,37.55315762,126.81524340000001,강서구
691,서울특별시 양천구,신남중학교,37.52077533,126.8478252,양천구
692,서울특별시 양천구,신목중학교,37.5,126.8,부천시
693,서울특별시 양천구,신서중학교,37.515908,126.85554499999999,양천구
694,서울특별시 양천구,신원중학교,37.536668,126.82431100000001,양천구
695,서울특별시 양천구,신월중학교,37.54046258,126.8283912,양천구
696,서울특별시 강서구,신정여자중학교,37.537958,126.856493,강서구
697,서울특별시 양천구,신화중학교,37.54082155,126.82989750000002,양천구
698,서울특별시 양천구,양강중학교,37.52491143,126.8496223,양천구
699,서울특별시 양천구,양동중학교,37.5483674,126.86871780000001,양천구
700,서울특별시 양천구,양서중학교,37.532914,126.829502,양천구
701,서울특별시 양천구,양정중학교,37.535378,126.886908,양천구
702,서울특별시 양천구,양천중학교,37.51900026,126.83054890000001,양천구
703,서울특별시 강서구,염창중학교,37.5538859,126.8716074,강서구
704,서울특별시 양천구,영도중학교,37.535944,126.865946,양천구
705,서울특별시 양천구,월촌중학교,37.537656,126.88299599999999,양천구
706,서울특별시 강서구,화곡중학교,37.548164,126.83320400000001,강서구
707,서울특별시 강서구,화원중학교,37.536971,126.84253500000001,강서구
708,서울특별시 금천구,가산중학교,37.46781801,126.8942659,금천구
709,서울특별시 구로구,개봉중학교,37.50353022,126.8424,구로구
710,서울특별시 구로구,개웅중학교,37.48752519,126.8510722,구로구
711,서울특별시 구로구,고척중학교,37.500325399999994,126.86215959999998,구로구
712,서울특별시 구로구,구로중학교,37.494704999999996,126.890895,구로구
713,서울특별시 구로구,구일중학교,37.49530027,126.8737683,구로구
714,서울특별시 금천구,난곡중학교,37.4780455,126.9107939,관악구
715,서울특별시 영등포구,당산서중학교,37.53248539,126.8988269,영등포구
716,서울특별시 영등포구,당산중학교,37.53203128,126.90761609999998,영등포구
717,서울특별시 영등포구,대림중학교,37.49231851,126.90746599999999,영등포구
718,서울특별시 영등포구,대영중학교,37.50343874,126.9052085,영등포구
719,서울특별시 금천구,동일중학교,37.45224509,126.9170405,금천구
720,서울특별시 영등포구,문래중학교,37.52041649,126.88414209999999,영등포구
721,서울특별시 금천구,문성중학교,37.475551,126.908002,금천구
722,서울특별시 금천구,문일중학교,37.45033129,126.89851270000001,금천구
723,서울특별시 금천구,세일중학교,37.474503000000006,126.89568600000001,금천구
724,서울특별시 금천구,시흥중학교,37.446296600000004,126.90508170000001,금천구
725,서울특별시 구로구,신도림중학교,37.51074037,126.88480849999999,구로구
726,서울특별시 금천구,안천중학교,37.45952246,126.8875004,금천구
727,서울특별시 영등포구,선유중학교,37.53328511,126.8943002,영등포구
728,서울특별시 영등포구,양화중학교,37.51965987,126.8959936,영등포구
729,서울특별시 영등포구,여의도중학교,37.52398056,126.93575359999998,영등포구
730,서울특별시 영등포구,영남중학교,37.497541999999996,126.896254,영등포구
731,서울특별시 구로구,영림중학교,37.49722007,126.8906916,구로구
732,서울특별시 구로구,영서중학교,37.4892525,126.8944068,구로구
733,서울특별시 영등포구,영원중학교,37.51497446,126.9136456,영등포구
734,서울특별시 구로구,오남중학교,37.487475,126.836532,구로구
735,서울특별시 구로구,경인중학교,37.49846665,126.85367409999999,구로구
736,서울특별시 구로구,오류중학교,37.50786367,126.8462137,구로구
737,서울특별시 구로구,우신중학교,37.496241,126.82626200000001,구로구
738,서울특별시 영등포구,윤중중학교,37.51893165,126.92412490000001,영등포구
739,서울특별시 동대문구,경희여자중학교,37.594561999999996,127.051427,동대문구
740,서울특별시 동대문구,경희중학교,37.594487,127.05490400000001,동대문구
741,서울특별시 동대문구,대광중학교,37.578519,127.024809,동대문구
742,서울특별시 동대문구,동국대학교사범대학부속중학교,37.57804844,127.07513359999999,동대문구
743,서울특별시 동대문구,동대문중학교,37.57452901,127.0519915,동대문구
744,서울특별시 중랑구,동원중학교,37.60382237,127.1095004,중랑구
745,서울특별시 중랑구,면목중학교,37.58321558,127.0963055,중랑구
746,서울특별시 중랑구,봉화중학교,37.596244,127.10396999999999,중랑구
747,서울특별시 중랑구,상봉중학교,37.601345,127.090001,중랑구
748,서울특별시 동대문구,성일중학교,37.58185167,127.0338508,동대문구
749,서울특별시 중랑구,송곡여자중학교,37.605992,127.104901,중랑구
750,서울특별시 동대문구,숭인중학교,37.57391956,127.04405790000001,동대문구
751,서울특별시 중랑구,신현중학교,37.60446476,127.09153119999999,중랑구
752,서울특별시 중랑구,영란여자중학교,37.603660999999995,127.104495,중랑구
753,서울특별시 중랑구,용마중학교,37.57450893,127.08626909999998,중랑구
754,서울특별시 중랑구,원묵중학교,37.61784829999999,127.0845217,중랑구
755,서울특별시 중랑구,장안중학교,37.600774799999996,127.0809952,중랑구
756,서울특별시 동대문구,장평중학교,37.56686096,127.070477,동대문구
757,서울특별시 동대문구,전농중학교,37.58204347,127.05927859999998,동대문구
758,서울특별시 동대문구,전동중학교,37.585587,127.070981,동대문구
759,서울특별시 동대문구,전일중학교,37.5818177,127.05846319999999,동대문구
760,서울특별시 동대문구,정화여자중학교,37.585632000000004,127.040543,동대문구
761,서울특별시 중랑구,중랑중학교,37.60536258,127.0810862,중랑구
762,서울특별시 중랑구,중화중학교,37.584152,127.095225,중랑구
763,서울특별시 동대문구,청량중학교,37.58821749,127.05062420000002,동대문구
764,서울특별시 중랑구,태릉중학교,37.61253281,127.0834362,중랑구
765,서울특별시 중랑구,혜원여자중학교,37.592571,127.096717,중랑구
766,서울특별시 동대문구,휘경여자중학교,37.58233,127.06763799999999,동대문구
767,서울특별시 동대문구,휘경중학교,37.586969,127.06221699999999,동대문구
768,서울특별시 동작구,강남중학교,37.502770700000006,126.9224879,동작구
769,서울특별시 동작구,강현중학교,37.50311409,126.93075459999999,동작구
770,서울특별시 관악구,관악중학교,37.481259,126.96191189999999,관악구
771,서울특별시 관악구,광신중학교,37.465263,126.925053,관악구
772,서울특별시 동작구,국사봉중학교,37.49353083,126.9440571,동작구
773,서울특별시 관악구,난우중학교,37.4,126.9,안양시 만안구
774,서울특별시 관악구,남강중학교,37.471352,126.92470800000001,관악구
775,서울특별시 관악구,남서울중학교,37.4817652,126.92142179999999,관악구
776,서울특별시 동작구,남성중학교,37.479009399999995,126.97241389999999,동작구
777,서울특별시 관악구,당곡중학교,37.49235719,126.9326778,관악구
778,서울특별시 동작구,대방중학교,37.495123,126.91381100000001,동작구
779,서울특별시 동작구,동양중학교,37.51022305,126.957477,동작구
780,서울특별시 동작구,동작중학교,37.49546294,126.9778041,동작구
781,서울특별시 동작구,문창중학교,37.49586121,126.92240670000001,동작구
782,서울특별시 관악구,미성중학교,37.4753631,126.9121554,관악구
783,서울특별시 관악구,봉림중학교,37.480678999999995,126.938197,관악구
784,서울특별시 관악구,봉원중학교,37.48391754,126.9582517,관악구
785,서울특별시 동작구,사당중학교,37.48776263,126.96853909999999,동작구
786,서울특별시 동작구,상도중학교,37.49092127,126.9614773,동작구
787,서울특별시 동작구,상현중학교,37.49407444,126.96039009999998,동작구
788,서울특별시 관악구,서울문영여자중학교,37.473907000000004,126.951521,관악구
789,서울특별시 동작구,성남중학교,37.504442,126.927423,동작구
790,서울특별시 관악구,성보중학교,37.480339,126.921761,관악구
791,서울특별시 관악구,신관중학교,37.481306,126.934288,관악구
792,서울특별시 관악구,삼성중학교,37.46760626,126.94251200000001,관악구
793,서울특별시 관악구,신림중학교,37.4705027,126.9427697,관악구
794,서울특별시 동작구,영등포중학교,37.507427,126.933516,동작구
795,서울특별시 관악구,인헌중학교,37.47260052,126.96883030000001,관악구
796,서울특별시 동작구,장승중학교,37.5031484,126.94083359999999,동작구
797,서울특별시 동작구,중앙대학교사범대학부속중학교,37.50362915,126.9617331,동작구
798,서울특별시 노원구,공릉중학교,37.62222733,127.0836011,노원구
799,서울특별시 노원구,광운중학교,37.621108,127.055807,노원구
800,서울특별시 도봉구,노곡중학교,37.64880215,127.053743,도봉구
801,서울특별시 노원구,노원중학교,37.649085,127.059726,노원구
802,서울특별시 노원구,노일중학교,37.6734085,127.05378950000001,노원구
803,서울특별시 노원구,녹천중학교,37.631806,127.06227920000002,노원구
804,서울특별시 도봉구,도봉중학교,37.67088312,127.04586979999999,도봉구
805,서울특별시 도봉구,방학중학교,37.66544969,127.03086029999999,도봉구
806,서울특별시 도봉구,백운중학교,37.65640601,127.03590630000001,도봉구
807,서울특별시 도봉구,북서울중학교,37.681245000000004,127.04294399999999,도봉구
808,서울특별시 노원구,불암중학교,37.64573538,127.07345670000001,노원구
809,서울특별시 노원구,상경중학교,37.66714976,127.0537063,노원구
810,서울특별시 노원구,상계제일중학교,37.66107434,127.0780777,노원구
811,서울특별시 노원구,상계중학교,37.652221999999995,127.06891499999999,노원구
812,서울특별시 노원구,상명중학교,37.649236,127.067678,노원구
813,서울특별시 노원구,상원중학교,37.6,127.0,성북구
814,서울특별시 도봉구,선덕중학교,37.65507873,127.0261507,도봉구
815,서울특별시 노원구,수락중학교,37.68314343,127.0548107,노원구
816,서울특별시 도봉구,신도봉중학교,37.649203,127.03316399999999,도봉구
817,서울특별시 도봉구,신방학중학교,37.66414196,127.0289012,도봉구
818,서울특별시 노원구,신상중학교,37.6516027,127.0635236,노원구
819,서울특별시 노원구,신창중학교,37.6285579,127.04747959999999,노원구
820,서울특별시 노원구,염광중학교,37.62996,127.050482,노원구
821,서울특별시 노원구,온곡중학교,37.659989,127.06471,노원구
822,서울특별시 노원구,월계중학교,37.63070870000001,127.05242890000001,노원구
823,서울특별시 노원구,재현중학교,37.66128875,127.080798,노원구
824,서울특별시 도봉구,정의여자중학교,37.653428999999996,127.032048,도봉구
825,서울특별시 노원구,중계중학교,37.655414,127.07549099999999,노원구
826,서울특별시 노원구,중원중학교,37.644038,127.068068,노원구
827,서울특별시 노원구,중평중학교,37.63697701,127.06233600000002,노원구
828,서울특별시 도봉구,창동중학교,37.66323074,127.0489978,도봉구
829,서울특별시 도봉구,창북중학교,37.64911433,127.03883540000001,도봉구
830,서울특별시 도봉구,창일중학교,37.64898886,127.0469125,도봉구
831,서울특별시 노원구,청원중학교,37.666608000000004,127.061668,노원구
832,서울특별시 노원구,태랑중학교,37.6269902,127.0912869,노원구
833,서울특별시 노원구,하계중학교,37.640784000000004,127.071573,노원구
834,서울특별시 노원구,한천중학교,37.63131305,127.07244109999999,노원구
835,서울특별시 마포구,경성중학교,37.56350983,126.9191674,마포구
836,서울특별시 마포구,광성중학교,37.548432,126.93690500000001,마포구
837,서울특별시 은평구,구산중학교,37.60976354,126.9097172,은평구
838,서울특별시 은평구,대성중학교,37.622192999999996,126.909558,은평구
839,서울특별시 은평구,덕산중학교,37.60201443,126.9043814,은평구
840,서울특별시 마포구,동도중학교,37.54670213,126.94690530000001,마포구
841,서울특별시 서대문구,동명여자중학교,37.56861668,126.9622523,서대문구
842,서울특별시 서대문구,명지중학교,37.58491179999999,126.9270922,서대문구
843,서울특별시 은평구,불광중학교,37.623323,126.931642,은평구
844,서울특별시 은평구,상신중학교,37.58978421,126.90642609999999,은평구
845,서울특별시 서대문구,서연중학교,37.568327000000004,126.9275,서대문구
846,서울특별시 마포구,서울여자중학교,37.5486,126.948388,마포구
847,서울특별시 은평구,선일여자중학교,37.61971637,126.9127997,은평구
848,서울특별시 은평구,선정중학교,37.618617,126.90799399999999,은평구
849,서울특별시 마포구,성사중학교,37.56808947,126.91268329999998,마포구
850,서울특별시 마포구,성산중학교,37.5,126.9,영등포구
851,서울특별시 마포구,성서중학교,37.56278803,126.90795390000001,마포구
852,서울특별시 마포구,숭문중학교,37.551584999999996,126.945079,마포구
853,서울특별시 은평구,숭실중학교,37.593288,126.905239,은평구
854,서울특별시 마포구,신수중학교,37.54592444,126.9341324,마포구
855,서울특별시 서대문구,신연중학교,37.58271696,126.9398378,서대문구
856,서울특별시 마포구,아현중학교,37.5,126.9,영등포구
857,서울특별시 서대문구,연북중학교,37.57757699,126.9384789,서대문구
858,서울특별시 은평구,연서중학교,37.5872351,126.90962659999998,은평구
859,서울특별시 은평구,연신중학교,37.62354088,126.92428600000001,은평구
860,서울특별시 은평구,연천중학교,37.627527,126.925832,은평구
861,서울특별시 서대문구,연희중학교,37.57958692,126.91879229999999,서대문구
862,서울특별시 은평구,영락중학교,37.59695868,126.92518259999999,은평구
863,서울특별시 은평구,예일여자중학교,37.610436,126.915976,은평구
864,서울특별시 은평구,은평중학교,37.610991,126.90912,은평구
865,서울특별시 서대문구,이화여자대학교사범대학부속이화·금란중학교,37.56312436,126.9443854,서대문구
866,서울특별시 서대문구,인창중학교,37.56488351,126.9640244,서대문구
867,서울특별시 서대문구,정원여자중학교,37.58538041,126.93334140000002,서대문구
868,서울특별시 마포구,중암중학교,37.5724324,126.9035861,마포구
869,서울특별시 서대문구,중앙여자중학교,37.562055,126.95265500000001,서대문구
870,서울특별시 은평구,증산중학교,37.58381485,126.90493909999998,은평구
871,서울특별시 은평구,충암중학교,37.58529776,126.9219653,은평구
872,서울특별시 서대문구,한성중학교,37.559958,126.95528700000001,서대문구
873,서울특별시 서대문구,홍은중학교,37.6,126.9,고양시 덕양구
874,서울특별시 마포구,홍익대학교사범대학부속여자중학교,37.560307,126.91348300000001,마포구
875,서울특별시 광진구,건국대학교사범대학부속중학교,37.54172317,127.0815966,광진구
876,서울특별시 성동구,경수중학교,37.53950922,127.05927209999999,성동구
877,서울특별시 광진구,광남중학교,37.54083184,127.101646,광진구
878,서울특별시 광진구,광양중학교,37.530351,127.08576699999999,광진구
879,서울특별시 광진구,광장중학교,37.54717824,127.10192620000001,광진구
880,서울특별시 광진구,광진중학교,37.5322204,127.0901621,광진구
881,서울특별시 성동구,광희중학교,37.551111999999996,127.03381599999999,성동구
882,서울특별시 광진구,구의중학교,37.54284949,127.07884140000002,광진구
883,서울특별시 광진구,대원국제중학교,37.563827,127.089441,광진구
884,서울특별시 성동구,동마중학교,37.5628026,127.0403525,성동구
885,서울특별시 광진구,동국대학교사범대학부속여자중학교,37.542281,127.086583,광진구
886,서울특별시 성동구,무학중학교,37.55770191,127.03199280000001,성동구
887,서울특별시 성동구,성수중학교,37.547095,127.03898000000001,성동구
888,서울특별시 성동구,성원중학교,37.53945164,127.05138329999998,성동구
889,서울특별시 광진구,신양중학교,37.53365056,127.06342649999999,광진구
890,서울특별시 성동구,옥정중학교,37.54167136,127.0129854,성동구
891,서울특별시 광진구,용곡중학교,37.56595099,127.08908899999999,광진구
892,서울특별시 광진구,자양중학교,37.53539931,127.0743848,광진구
893,서울특별시 성동구,한양대학교사범대학부속중학교,37.561657000000004,127.043153,성동구
894,서울특별시 성동구,행당중학교,37.55459574,127.04200490000001,성동구
895,서울특별시 강북구,강북중학교,37.64491581,127.02537209999998,강북구
896,서울특별시 성북구,고려대학교사범대학부속중학교,37.610369,127.001088,성북구
897,서울특별시 성북구,고명중학교,37.59767639,127.0191869,성북구
898,서울특별시 성북구,남대문중학교,37.618636200000005,127.05579180000001,성북구
899,서울특별시 성북구,동구여자중학교,37.594083000000005,127.00768799999999,성북구
900,서울특별시 강북구,번동중학교,37.632574,127.03654399999999,강북구
901,서울특별시 성북구,북악중학교,37.606922999999995,127.001691,성북구
902,서울특별시 성북구,삼선중학교,37.59174917,127.0078716,성북구
903,서울특별시 강북구,서라벌중학교,37.6566848,127.01070320000001,강북구
904,서울특별시 성북구,석관중학교,37.6,127.0,성북구
905,서울특별시 성북구,성신여자중학교,37.5936742,127.02337879999999,성북구
906,서울특별시 강북구,성암여자중학교,37.6204129,127.0239049,강북구
907,서울특별시 강북구,수송중학교,37.63680119,127.0339165,강북구
908,서울특별시 강북구,수유중학교,37.63156547,127.01048600000001,강북구
909,서울특별시 강북구,신일중학교,37.62796578,127.0284024,강북구
910,서울특별시 강북구,영훈국제중학교,37.614308,127.02739,강북구
911,서울특별시 성북구,용문중학교,37.58872,127.024353,성북구
912,서울특별시 성북구,월곡중학교,37.60698072,127.0482587,성북구
913,서울특별시 강북구,인수중학교,37.64386577,127.00992120000001,강북구
914,서울특별시 성북구,장위중학교,37.61129386,127.04084080000001,성북구
915,서울특별시 성북구,종암중학교,37.593111,127.0319898,성북구
916,서울특별시 강북구,창문여자중학교,37.613222,127.03661299999999,강북구
917,서울특별시 성북구,한성여자중학교,37.58200014,127.01131229999999,성북구
918,서울특별시 성북구,홍익대학교사범대학부속중학교,37.59366671,127.00280359999998,성북구
919,서울특별시 강북구,화계중학교,37.63251698,127.0097112,강북구
920,서울특별시 종로구,경신중학교,37.591111,127.001296,종로구
921,서울특별시 중구,금호여자중학교,37.55803964,127.0204625,중구
922,서울특별시 중구,대경중학교,37.557027000000005,127.01700100000001,중구
923,서울특별시 종로구,대신중학교,37.573481,126.96249399999999,종로구
924,서울특별시 종로구,덕성여자중학교,37.57778625,126.9819095,종로구
925,서울특별시 중구,덕수중학교,37.565033,126.99718999999999,중구
926,서울특별시 종로구,동성중학교,37.6,127.0,성북구
927,서울특별시 용산구,배문중학교,37.54991971,126.96390490000002,용산구
928,서울특별시 종로구,배화여자중학교,37.579454,126.966821,종로구
929,서울특별시 용산구,보성여자중학교,37.542528000000004,126.98435500000001,용산구
930,서울특별시 종로구,상명대학교사범대학부속여자중학교,37.602628,126.9541,종로구
931,서울특별시 용산구,선린중학교,37.542704,126.965101,용산구
932,서울특별시 용산구,성심여자중학교,37.534568,126.954426,용산구
933,서울특별시 동작구,숭의여자중학교,37.508308,126.928987,동작구
934,서울특별시 용산구,신광여자중학교,37.32352,126.58125,
935,서울특별시 용산구,오산중학교,37.523974,126.999569,용산구
936,서울특별시 용산구,용강중학교,37.5215772,126.9754842,용산구
937,서울특별시 용산구,용산중학교,37.54606741,126.9809259,용산구
938,서울특별시 중구,장원중학교,37.55396515,127.0060433,중구
939,서울특별시 중구,장충중학교,37.553109,127.006169,중구
940,서울특별시 종로구,중앙중학교,37.586096999999995,126.986677,종로구
941,서울특별시 중구,창덕여자중학교,37.56643109,126.9692123,중구
942,서울특별시 종로구,청운중학교,37.58917265,126.97108700000001,종로구
943,서울특별시 용산구,한강중학교,37.52361219,126.99279170000001,용산구
944,서울특별시 중구,한양중학교,37.565719,127.010857,중구
945,서울특별시 중구,환일중학교,37.553608000000004,126.962774,중구
946,서울특별시 송파구,서울체육중학교,37.521752,127.129926,송파구
947,서울특별시 강북구,삼각산중학교,37.616172999999996,127.015501,강북구
948,서울특별시 노원구,을지중학교,37.64978728,127.07170659999998,노원구
949,서울특별시 관악구,구암중학교,37.49276524,126.94860349999999,관악구
950,서울특별시 성동구,경일중학교,37.543346,127.04838400000001,성동구
951,서울특별시 성동구,마장중학교,37.56830886,127.0421258,성동구
952,서울특별시 성북구,개운중학교,37.59462638,127.0248432,성북구
953,서울특별시 광진구,양진중학교,37.54457562,127.09831070000001,광진구
954,서울특별시 강서구,염경중학교,37.55453944,126.87053130000001,강서구
955,서울특별시 도봉구,효문중학교,37.652264,127.01840200000001,도봉구
956,서울특별시 마포구,상암중학교,37.57905674,126.8875517,마포구
957,서울특별시 강서구,수명중학교,37.548803,126.823596,강서구
958,서울특별시 은평구,진관중학교,37.64425726,126.92572890000001,은평구
959,서울특별시 양천구,목운중학교,37.5,126.8,부천시
960,서울특별시 강북구,미양중학교,37.623290999999995,127.012455,강북구
961,서울특별시 서대문구,인왕중학교,37.59272346,126.9517777,서대문구
962,서울특별시 송파구,문현중학교,37.480955,127.127977,송파구
963,서울특별시 강동구,강명중학교,37.55559451,127.17489840000002,강동구
964,서울특별시 강동구,강동중학교,37.56964926,127.1778381,강동구
965,서울특별시 은평구,신도중학교,37.63298366,126.930879,은평구
966,서울특별시 마포구,창천중학교,37.5549751,126.9390619,마포구
967,서울특별시 구로구,천왕중학교,37.48265604,126.8373334,구로구
968,서울특별시 서대문구,가재울중학교,37.57517285,126.9099537,서대문구
969,서울특별시 성북구,길음중학교,37.6140891,127.01745600000001,성북구
970,서울특별시 강서구,마곡중학교,37.56798307,126.8214007,강서구
971,서울특별시 성북구,숭곡중학교,37.60862,127.031324,성북구
972,서울특별시 강남구,세곡중학교,37.4,127.0,의왕시
973,서울특별시 송파구,송례중학교,37.487193,127.132241,송파구
974,서울특별시 서초구,내곡중학교,37.45255,127.054303,서초구
975,서울특별시 강남구,국립국악고등학교,37.4762299,127.0514757,강남구
976,서울특별시 성북구,서울대학교사범대학부설고등학교,37.59472375,127.0381187,성북구
977,서울특별시 금천구,국립전통예술고등학교,37.446354,126.90641399999998,금천구
978,서울특별시 송파구,가락고등학교,37.50107678,127.11642520000001,송파구
979,서울특별시 강동구,강동고등학교,37.549890000000005,127.160702,강동구
980,서울특별시 양천구,강서고등학교,37.5367773,126.86632949999999,양천구
981,서울특별시 강남구,개포고등학교,37.48495876,127.0594054,강남구
982,서울특별시 광진구,건국대학교사범대학부속고등학교,37.5,127.0,서초구
983,서울특별시 강남구,경기고등학교,37.51756598,127.0560739,강남구
984,서울특별시 강남구,경기여자고등학교,37.48688726,127.0655669,강남구
985,서울특별시 성북구,경동고등학교,37.5862,127.014664,성북구
986,서울특별시 동작구,경문고등학교,37.49309576,126.9816993,동작구
987,서울특별시 종로구,경복고등학교,37.5874071,126.97165,종로구
988,서울특별시 강서구,경복여자고등학교,37.55782075,126.85059740000001,강서구
989,서울특별시 마포구,경성고등학교,37.563340999999994,126.91876699999999,마포구
990,서울특별시 종로구,경신고등학교,37.59220353,126.99952900000001,종로구
991,서울특별시 구로구,경인고등학교,37.49599386,126.86543059999998,구로구
992,서울특별시 동대문구,경희고등학교,37.594912,127.05490400000001,동대문구
993,서울특별시 동대문구,경희여자고등학교,37.594927,127.051115,동대문구
994,서울특별시 성북구,계성고등학교,37.6,127.0,성북구
995,서울특별시 성북구,고려대학교사범대학부속고등학교,37.609731,127.001485,성북구
996,서울특별시 구로구,고척고등학교,37.50804857,126.84986880000001,구로구
997,서울특별시 강서구,공항고등학교,37.5690607,126.8062081,강서구
998,서울특별시 영등포구,관악고등학교,37.52179202,126.88292279999999,영등포구
999,서울특별시 광진구,광남고등학교,37.54151337,127.1012125,광진구
1000,서울특별시 강동구,광문고등학교,37.56046136,127.1585483,강동구
1001,서울특별시 마포구,광성고등학교,37.5487993,126.9366973,마포구
1002,서울특별시 관악구,광신고등학교,37.46447593,126.9259388,관악구
1003,서울특별시 광진구,광양고등학교,37.529721,127.08528500000001,광진구
1004,서울특별시 양천구,광영고등학교,37.53719702,126.8232754,양천구
1005,서울특별시 양천구,광영여자고등학교,37.53774,126.82489,양천구
1006,서울특별시 구로구,구로고등학교,37.49884153,126.89030929999998,구로구
1007,서울특별시 구로구,구일고등학교,37.5,126.9,영등포구
1008,서울특별시 강남구,압구정고등학교,37.53117621,127.0330133,강남구
1009,서울특별시 양천구,금옥여자고등학교,37.510928,126.844582,양천구
1010,서울특별시 금천구,금천고등학교,37.445021999999994,126.90569099999999,금천구
1011,서울특별시 관악구,남강고등학교,37.472357,126.92473799999999,관악구
1012,서울특별시 노원구,노원고등학교,37.6628057,127.05329280000001,노원구
1013,서울특별시 강남구,단국대학교사범대학부속고등학교,37.495834,127.056676,강남구
1014,서울특별시 관악구,당곡고등학교,37.491688,126.93463500000001,관악구
1015,서울특별시 동대문구,대광고등학교,37.577939,127.02458600000001,동대문구
1016,서울특별시 은평구,대성고등학교,37.62316997,126.9093611,은평구
1017,서울특별시 종로구,대신고등학교,37.5735255,126.9618728,종로구
1018,서울특별시 영등포구,대영고등학교,37.5,126.9,영등포구
1019,서울특별시 광진구,대원고등학교,37.563177,127.08949399999999,광진구
1020,서울특별시 광진구,대원여자고등학교,37.5624945,127.08943799999999,광진구
1021,서울특별시 강서구,대일고등학교,37.539175,126.862546,강서구
1022,서울특별시 노원구,대진고등학교,37.63780505,127.07609099999999,노원구
1023,서울특별시 노원구,대진여자고등학교,37.64612473,127.06719779999999,노원구
1024,서울특별시 강남구,대진디자인고등학교,37.49042725,127.09597820000002,강남구
1025,서울특별시 종로구,덕성여자고등학교,37.57776127,126.9835578,종로구
1026,서울특별시 강서구,덕원여자고등학교,37.54862294,126.8290243,강서구
1027,서울특별시 금천구,독산고등학교,37.47621836,126.9109408,금천구
1028,서울특별시 동대문구,동국대학교사범대학부속고등학교,37.577479,127.074495,동대문구
1029,서울특별시 서초구,동덕여자고등학교,37.47587683,126.99199579999998,서초구
1030,서울특별시 은평구,동명여자고등학교,37.61447741,126.9250155,은평구
1031,서울특별시 강동구,동북고등학교,37.51971854,127.1412227,강동구
1032,서울특별시 종로구,동성고등학교,37.58497032,127.0030976,종로구
1033,서울특별시 금천구,동일여자고등학교,37.45098,126.91627,금천구
1034,서울특별시 금천구,동일여자상업고등학교,37.451491,126.91738400000001,금천구
1035,서울특별시 동작구,동작고등학교,37.48242773,126.9652308,동작구
1036,서울특별시 강동구,둔촌고등학교,37.53143204,127.1438107,강동구
1037,서울특별시 강서구,마포고등학교,37.55998993,126.8531328,강서구
1038,서울특별시 중랑구,면목고등학교,37.584781,127.096719,중랑구
1039,서울특별시 강서구,명덕고등학교,37.5,126.8,부천시
1040,서울특별시 강서구,명덕여자고등학교,37.553987,126.83430600000001,강서구
1041,서울특별시 광진구,동국대학교사범대학부속여자고등학교,37.543183,127.086964,광진구
1042,서울특별시 강동구,명일여자고등학교,37.54977642,127.14958119999999,강동구
1043,서울특별시 서대문구,명지고등학교,37.58425,126.92738100000001,서대문구
1044,서울특별시 성동구,무학여자고등학교,37.55676803,127.03359950000001,성동구
1045,서울특별시 관악구,서울문영여자고등학교,37.473416,126.951081,관악구
1046,서울특별시 금천구,문일고등학교,37.449124,126.898969,금천구
1047,서울특별시 관악구,미림여자고등학교,37.466758,126.933272,관악구
1048,서울특별시 서초구,반포고등학교,37.50270436,127.01651170000001,서초구
1049,서울특별시 송파구,배명고등학교,37.4988176,127.09570190000001,송파구
1050,서울특별시 용산구,배문고등학교,37.549995,126.964597,용산구
1051,서울특별시 강동구,배재고등학교,37.556089,127.150977,강동구
1052,서울특별시 종로구,배화여자고등학교,37.57837045,126.96691159999999,종로구
1053,서울특별시 양천구,백암고등학교,37.511928000000005,126.8448662,양천구
1054,서울특별시 송파구,보성고등학교,37.5194034,127.135273,송파구
1055,서울특별시 용산구,보성여자고등학교,37.54308019,126.98428510000001,용산구
1056,서울특별시 관악구,삼성고등학교,37.46913853,126.9436684,관악구
1057,서울특별시 노원구,상계고등학교,37.65272604,127.0554547,노원구
1058,서울특별시 종로구,상명대학교사범대학부속여자고등학교,37.603206,126.953875,종로구
1059,서울특별시 노원구,상명고등학교,37.64954799,127.068044,노원구
1060,서울특별시 서초구,상문고등학교,37.47975498,127.00391640000001,서초구
1061,서울특별시 강동구,상일여자고등학교,37.54922,127.16963500000001,강동구
1062,서울특별시 노원구,서라벌고등학교,37.645241799999994,127.0758368,노원구
1063,서울특별시 서초구,서문여자고등학교,37.5,127.0,서초구
1064,서울특별시 서초구,서울고등학교,37.48429243,127.00490249999999,서초구
1065,서울특별시 관악구,서울미술고등학교,37.477056,126.96698300000001,관악구
1066,서울특별시 강남구,서울세종고등학교,37.490297999999996,127.102376,강남구
1067,서울특별시 마포구,서울여자고등학교,37.548077,126.9481861,마포구
1068,서울특별시 송파구,서울체육고등학교,37.5217588,127.13059129999999,송파구
1069,서울특별시 서초구,서초고등학교,37.48961196,127.00537779999999,서초구
1070,서울특별시 성북구,석관고등학교,37.60958821,127.0667165,성북구
1071,서울특별시 도봉구,선덕고등학교,37.65507873,127.0261507,도봉구
1072,서울특별시 은평구,선일여자고등학교,37.61914,126.91287,은평구
1073,서울특별시 은평구,선정고등학교,37.61870442,126.90903130000001,은평구
1074,서울특별시 동작구,성남고등학교,37.506078,126.92621799999999,동작구
1075,서울특별시 중구,성동고등학교,37.56416247,127.02238829999999,중구
1076,서울특별시 관악구,성보고등학교,37.479815,126.919719,관악구
1077,서울특별시 성북구,성신여자고등학교,37.5942881,127.02240640000001,성북구
1078,서울특별시 용산구,성심여자고등학교,37.5343665,126.95372809999999,용산구
1079,서울특별시 서초구,세화고등학교,37.50195197,126.9916176,서초구
1080,서울특별시 서초구,세화여자고등학교,37.502182,126.99328600000001,서초구
1081,서울특별시 중랑구,송곡고등학교,37.60584697,127.1064637,중랑구
1082,서울특별시 중랑구,송곡여자고등학교,37.6,127.1,중랑구
1083,서울특별시 동작구,수도여자고등학교,37.4933845,126.91541399999998,동작구
1084,서울특별시 노원구,수락고등학교,37.6,127.0,성북구
1085,서울특별시 강남구,숙명여자고등학교,37.49147446,127.0526124,강남구
1086,서울특별시 마포구,숭문고등학교,37.55088946,126.9457706,마포구
1087,서울특별시 은평구,숭실고등학교,37.59287316,126.9024048,은평구
1088,서울특별시 동작구,숭의여자고등학교,37.50736234,126.9292442,동작구
1089,서울특별시 용산구,신광여자고등학교,37.54290069,126.9694483,용산구
1090,서울특별시 관악구,신림고등학교,37.4786679,126.9169625,관악구
1091,서울특별시 양천구,신목고등학교,37.512763,126.87361499999999,양천구
1092,서울특별시 강북구,신일고등학교,37.628190000000004,127.02772399999999,강북구
1093,서울특별시 서초구,양재고등학교,37.48242128,127.03207830000001,서초구
1094,서울특별시 양천구,양정고등학교,37.5348671,126.88697759999998,양천구
1095,서울특별시 양천구,양천고등학교,37.508666999999996,126.84573600000002,양천구
1096,서울특별시 양천구,목동고등학교,37.50921453,126.8601996,양천구
1097,서울특별시 서초구,언남고등학교,37.47233011,127.0430034,서초구
1098,서울특별시 영등포구,여의도고등학교,37.52505011,126.93421869999999,영등포구
1099,서울특별시 영등포구,여의도여자고등학교,37.52288819,126.93508940000001,영등포구
1100,서울특별시 노원구,염광고등학교,37.628422,127.04952800000001,노원구
1101,서울특별시 강남구,영동고등학교,37.52138784,127.04373740000001,강남구
1102,서울특별시 송파구,영동일고등학교,37.5100019,127.08986850000001,송파구
1103,서울특별시 동작구,영등포고등학교,37.508441,126.93394599999999,동작구
1104,서울특별시 영등포구,영등포여자고등학교,37.51539016,126.9153554,영등포구
1105,서울특별시 관악구,영락고등학교,37.476283,126.94420600000001,관악구
1106,서울특별시 양천구,서울영상고등학교,37.52330273,126.8602955,양천구
1107,서울특별시 영등포구,영신고등학교,37.49810112,126.9097387,영등포구
1108,서울특별시 노원구,영신여자고등학교,37.652453799999996,127.08327690000002,노원구
1109,서울특별시 강서구,영일고등학교,37.54728582,126.8620613,강서구
1110,서울특별시 송파구,영파여자고등학교,37.5321334,127.11982179999998,송파구
1111,서울특별시 강북구,영훈고등학교,37.613509,127.02778400000001,강북구
1112,서울특별시 은평구,예일여자고등학교,37.6108146,126.91534779999999,은평구
1113,서울특별시 송파구,오금고등학교,37.504251000000004,127.12933100000001,송파구
1114,서울특별시 구로구,오류고등학교,37.500202,126.82823799999998,구로구
1115,서울특별시 용산구,오산고등학교,37.523514399999996,126.9996084,용산구
1116,서울특별시 성북구,용문고등학교,37.5879326,127.0251981,성북구
1117,서울특별시 용산구,용산고등학교,37.54586549,126.98032849999998,용산구
1118,서울특별시 노원구,용화여자고등학교,37.65913246,127.0582791,노원구
1119,서울특별시 구로구,우신고등학교,37.49490131,126.82635149999999,구로구
1120,서울특별시 강남구,은광여자고등학교,37.4,127.0,의왕시
1121,서울특별시 은평구,은평메디텍고등학교,37.635284000000006,126.929185,은평구
1122,서울특별시 중구,이화여자고등학교,37.56569982,126.97055729999998,중구
1123,서울특별시 서대문구,이화여자대학교사범대학부속이화금란고등학교,37.56636584,126.94766100000001,서대문구
1124,서울특별시 서대문구,인창고등학교,37.565414000000004,126.96349199999999,서대문구
1125,서울특별시 관악구,인헌고등학교,37.47230902,126.9704855,관악구
1126,서울특별시 광진구,자양고등학교,37.5357534,127.0729905,광진구
1127,서울특별시 송파구,잠신고등학교,37.51470635,127.0882634,송파구
1128,서울특별시 송파구,잠실고등학교,37.51963111,127.1079429,송파구
1129,서울특별시 송파구,잠실여자고등학교,37.50232329999999,127.11309740000002,송파구
1130,서울특별시 중구,장충고등학교,37.5526811,127.00605800000001,중구
1131,서울특별시 영등포구,장훈고등학교,37.5133437,126.91623090000002,영등포구
1132,서울특별시 노원구,재현고등학교,37.660140999999996,127.079847,노원구
1133,서울특별시 송파구,정신여자고등학교,37.508824,127.071909,송파구
1134,서울특별시 도봉구,정의여자고등학교,37.652905,127.031038,도봉구
1135,서울특별시 용산구,중경고등학교,37.5176813,126.9756393,용산구
1136,서울특별시 강남구,중동고등학교,37.49371459,127.08091110000001,강남구
1137,서울특별시 강남구,중산고등학교,37.48571689,127.0814362,강남구
1138,서울특별시 종로구,중앙고등학교,37.584027299999995,126.9868771,종로구
1139,서울특별시 강남구,중앙대학교사범대학부속고등학교,37.49190717,127.05211059999999,강남구
1140,서울특별시 서대문구,중앙여자고등학교,37.562695500000004,126.95270249999999,서대문구
1141,서울특별시 중랑구,중화고등학교,37.60481298,127.08365409999999,중랑구
1142,서울특별시 양천구,진명여자고등학교,37.524048,126.8658553,양천구
1143,서울특별시 강남구,진선여자고등학교,37.501828,127.046904,강남구
1144,서울특별시 송파구,창덕여자고등학교,37.516241799999996,127.1402751,송파구
1145,서울특별시 도봉구,창동고등학교,37.65103523,127.0388183,도봉구
1146,서울특별시 강북구,창문여자고등학교,37.6,127.0,성북구
1147,서울특별시 강남구,청담고등학교,37.52800121,127.04370060000001,강남구
1148,서울특별시 동대문구,청량고등학교,37.58888754,127.0513131,동대문구
1149,서울특별시 노원구,청원고등학교,37.666697,127.06308100000001,노원구
1150,서울특별시 노원구,청원여자고등학교,37.666140999999996,127.06123600000001,노원구
1151,서울특별시 은평구,충암고등학교,37.584813,126.921298,은평구
1152,서울특별시 중랑구,태릉고등학교,37.61916257,127.0855595,중랑구
1153,서울특별시 강남구,풍문고등학교,37.471327,127.0999477,강남구
1154,서울특별시 양천구,한가람고등학교,37.5374633,126.8840071,양천구
1155,서울특별시 영등포구,한강미디어고등학교,37.53929199,126.8972608,영등포구
1156,서울특별시 강서구,한광고등학교,37.53884398,126.85794009999998,강서구
1157,서울특별시 노원구,한국삼육고등학교,37.64335827,127.10885139999999,노원구
1158,서울특별시 강서구,한서고등학교,37.57479179999999,126.8081443,강서구
1159,서울특별시 서대문구,한성고등학교,37.5598356,126.9545114,서대문구
1160,서울특별시 성북구,한성여자고등학교,37.583201,127.011775,성북구
1161,서울특별시 성동구,한양대학교사범대학부속고등학교,37.56191893,127.042326,성동구
1162,서울특별시 강동구,한영고등학교,37.548915,127.158204,강동구
1163,서울특별시 강남구,현대고등학교,37.5,127.0,서초구
1164,서울특별시 노원구,혜성여자고등학교,37.640785,127.073503,노원구
1165,서울특별시 중랑구,혜원여자고등학교,37.59328087,127.0970432,중랑구
1166,서울특별시 강북구,혜화여자고등학교,37.631237799999994,127.0130453,강북구
1167,서울특별시 성북구,홍익대학교사범대학부속고등학교,37.594336,127.003863,성북구
1168,서울특별시 마포구,홍익대학교사범대학부속여자고등학교,37.560173,126.91268000000001,마포구
1169,서울특별시 강서구,화곡고등학교,37.5480514,126.831698,강서구
1170,서울특별시 중구,환일고등학교,37.55382591,126.96221000000001,중구
1171,서울특별시 동대문구,휘경여자고등학교,37.583533,127.066268,동대문구
1172,서울특별시 강남구,휘문고등학교,37.505109000000004,127.06142,강남구
1173,서울특별시 종로구,서울과학고등학교,37.591557200000004,126.99846880000001,종로구
1174,서울특별시 서대문구,한성과학고등학교,37.57543545,126.952373,서대문구
1175,서울특별시 광진구,대원외국어고등학교,37.563653,127.089124,광진구
1176,서울특별시 성북구,대일외국어고등학교,37.61330387,127.0141757,성북구
1177,서울특별시 강서구,명덕외국어고등학교,37.554066999999996,126.833427,강서구
1178,서울특별시 도봉구,서울외국어고등학교,37.64577944,127.0515108,도봉구
1179,서울특별시 중구,이화여자외국어고등학교,37.56557705,126.9696428,중구
1180,서울특별시 강동구,한영외국어고등학교,37.548158,127.157312,강동구
1181,서울특별시 강남구,서울로봇고등학교,37.48068363,127.08432959999999,강남구
1182,서울특별시 강서구,강서공업고등학교,37.57603355,126.8161831,강서구
1183,서울특별시 노원구,경기기계공업고등학교,37.63224131,127.07492979999999,노원구
1184,서울특별시 노원구,광운전자공업고등학교,37.61924129999999,127.0565444,노원구
1185,서울특별시 강남구,단국공업고등학교,37.49561668,127.0577673,강남구
1186,서울특별시 구로구,덕일전자공업고등학교,37.49098336,126.8387989,구로구
1187,서울특별시 마포구,서울디자인고등학교,37.546690999999996,126.947828,마포구
1188,서울특별시 강서구,동양고등학교,37.56902103,126.84707959999999,강서구
1189,서울특별시 성동구,서울방송고등학교,37.54777313,127.01103549999999,성동구
1190,서울특별시 강동구,상일미디어고등학교,37.5,127.1,송파구
1191,서울특별시 노원구,미래산업과학고등학교,37.658778399999996,127.07844250000001,노원구
1192,서울특별시 동작구,서울공업고등학교,37.50190153,126.9223643,동작구
1193,서울특별시 용산구,서울디지텍고등학교,37.538968700000005,126.99061770000002,용산구
1194,서울특별시 성북구,서울도시과학기술고등학교,37.60781127,127.0330426,성북구
1195,서울특별시 중구,성동공업고등학교,37.56936387,127.0172825,중구
1196,서울특별시 성동구,성수공업고등학교,37.54054009,127.0512981,성동구
1197,서울특별시 송파구,송파공업고등학교,37.491476,127.142528,송파구
1198,서울특별시 강남구,수도전기공업고등학교,37.48493808,127.0644798,강남구
1199,서울특별시 은평구,신진과학기술고등학교,37.59871321,126.91883490000002,은평구
1200,서울특별시 강서구,영등포공업고등학교,37.56983571,126.8500301,강서구
1201,서울특별시 용산구,용산공업고등학교,37.52434312,126.9673563,용산구
1202,서울특별시 구로구,유한공업고등학교,37.488282,126.82396399999999,구로구
1203,서울특별시 노원구,서울아이티고등학교,37.64241889,127.0624493,노원구
1204,서울특별시 노원구,인덕공업고등학교,37.631885,127.055742,노원구
1205,서울특별시 중구,한양공업고등학교,37.56587232,127.0114457,중구
1206,서울특별시 동대문구,휘경공업고등학교,37.58522006,127.06972900000001,동대문구
1207,서울특별시 종로구,경기상업고등학교,37.58925,126.9697,종로구
1208,서울특별시 중구,경기여자상업고등학교,37.55729791,126.9667217,중구
1209,서울특별시 성북구,동구마케팅고등학교,37.59313220000001,127.0067429,성북구
1210,서울특별시 강동구,서울컨벤션고등학교,37.5,127.1,송파구
1211,서울특별시 관악구,서울여자상업고등학교,37.472732,126.950557,관악구
1212,서울특별시 은평구,선일이비즈니스고등학교,37.620336,126.912002,은평구
1213,서울특별시 강동구,성덕고등학교,37.6,127.1,중랑구
1214,서울특별시 강서구,신정여자상업고등학교,37.538583,126.856999,강서구
1215,서울특별시 관악구,영락유헬스고등학교,37.476564,126.944783,관악구
1216,서울특별시 송파구,일신여자상업고등학교,37.50197244,127.11452659999998,송파구
1217,서울특별시 동대문구,정화여자상업고등학교,37.58578854,127.04103070000001,동대문구
1218,서울특별시 동대문구,해성국제컨벤션고등학교,37.581757,127.05723700000001,동대문구
1219,서울특별시 마포구,홍익디자인고등학교,37.562686,126.91972,마포구
1220,서울특별시 은평구,선정국제관광고등학교,37.618819,126.908452,은평구
1221,서울특별시 중구,성동글로벌경영고등학교,37.56585408,127.01352379999999,중구
1222,서울특별시 도봉구,세그루패션디자인고등학교,37.655556,127.026449,도봉구
1223,서울특별시 노원구,영신간호비즈니스고등학교,37.652453799999996,127.08327690000002,노원구
1224,서울특별시 은평구,예일디자인고등학교,37.609594,126.915797,은평구
1225,서울특별시 강서구,덕원예술고등학교,37.549372,126.828448,강서구
1226,서울특별시 종로구,서울예술고등학교,37.60575727,126.96789150000001,종로구
1227,서울특별시 광진구,선화예술고등학교,37.549994,127.087558,광진구
1228,서울특별시 강서구,경복비즈니스고등학교,37.55810444,126.85265220000001,강서구
1229,서울특별시 성북구,고명경영고등학교,37.59732,127.02018999999999,성북구
1230,서울특별시 관악구,서울관광고등학교,37.488222,126.943542,관악구
1231,서울특별시 관악구,광신정보산업고등학교,37.465719,126.924699,관악구
1232,서울특별시 구로구,예림디자인고등학교,37.5001,126.827378,구로구
1233,서울특별시 중구,대경상업고등학교,37.55669583,127.0175331,중구
1234,서울특별시 종로구,대동세무고등학교,37.58158201,126.98794960000001,종로구
1235,서울특별시 성북구,대일관광고등학교,37.61395633,127.0129255,성북구
1236,서울특별시 성동구,덕수고등학교,37.55526278,127.04114070000001,성동구
1237,서울특별시 도봉구,서울문화고등학교,37.66413242,127.0472847,도봉구
1238,서울특별시 은평구,동명여자정보산업고등학교,37.61421,126.92306799999999,은평구
1239,서울특별시 관악구,미림여자정보과학고등학교,37.466336,126.932907,관악구
1240,서울특별시 송파구,보인고등학교,37.49737639999999,127.1383831,송파구
1241,서울특별시 구로구,서서울생활과학고등학교,37.503440000000005,126.827752,구로구
1242,서울특별시 양천구,서울금융고등학교,37.53761857,126.82562340000001,양천구
1243,서울특별시 종로구,서일국제경영고등학교,37.5793799,127.01279270000002,종로구
1244,서울특별시 강북구,성암국제무역고등학교,37.620895000000004,127.02468200000001,강북구
1245,서울특별시 강서구,서울항공비즈니스고등학교,37.56921616,126.81704199999999,강서구
1246,서울특별시 중랑구,송곡관광고등학교,37.606334000000004,127.10543999999999,중랑구
1247,서울특별시 노원구,염광여자메디텍고등학교,37.629901000000004,127.04856200000002,노원구
1248,서울특별시 중랑구,이화여자대학교병설미디어고등학교,37.60313060000001,127.10533190000001,중랑구
1249,서울특별시 노원구,동산정보산업고등학교,37.6302021,127.07506000000001,노원구
1250,서울특별시 강서구,화곡보건경영고등학교,37.549040999999995,126.832793,강서구
1251,서울특별시 중구,리라아트고등학교,37.5571299,126.98822450000002,중구
1252,서울특별시 서초구,서울전자고등학교,37.46972083,126.98836100000001,서초구
1253,서울특별시 용산구,선린인터넷고등학교,37.54297557,126.9664882,용산구
1254,서울특별시 은평구,세명컴퓨터고등학교,37.62777125,126.92324860000001,은평구
1255,서울특별시 마포구,한세사이버보안고등학교,37.552009000000005,126.952001,마포구
1256,서울특별시 도봉구,누원고등학교,37.68556743,127.04993300000001,도봉구
1257,서울특별시 송파구,방산고등학교,37.508399700000005,127.12047199999999,송파구
1258,서울특별시 중랑구,신현고등학교,37.60524932,127.09295,중랑구
1259,서울특별시 도봉구,자운고등학교,37.65904587,127.05069040000001,도봉구
1260,서울특별시 도봉구,도봉고등학교,37.686756,127.04257820000001,도봉구
1261,서울특별시 강서구,등촌고등학교,37.56294567,126.8450457,강서구
1262,서울특별시 성동구,경일고등학교,37.54382838,127.04786940000001,성동구
1263,서울특별시 영등포구,선유고등학교,37.5339205,126.89487220000001,영등포구
1264,서울특별시 노원구,월계고등학교,37.63173247,127.0487142,노원구
1265,서울특별시 노원구,불암고등학교,37.64915826,127.0803044,노원구
1266,서울특별시 강서구,세현고등학교,37.56,126.86,강서구
1267,서울특별시 양천구,신서고등학교,37.5,126.8,부천시
1268,서울특별시 도봉구,효문고등학교,37.65269799,127.01839879999999,도봉구
1269,서울특별시 중랑구,원묵고등학교,37.615505999999996,127.08620400000001,중랑구
1270,서울특별시 마포구,상암고등학교,37.58134123,126.8833956,마포구
1271,서울특별시 종로구,서울국제고등학교,37.59179259,126.99548899999999,종로구
1272,서울특별시 송파구,문정고등학교,37.48517967,127.1266941,송파구
1273,서울특별시 구로구,세종과학고등학교,37.4,126.8,시흥시
1274,서울특별시 구로구,구현고등학교,37.50228196,126.874417,구로구
1275,서울특별시 강북구,삼각산고등학교,37.61628709,127.02010690000002,강북구
1276,서울특별시 구로구,신도림고등학교,37.5,126.8,부천시
1277,서울특별시 강동구,강일고등학교,37.56382873,127.1779057,강동구
1278,서울특별시 성동구,성수고등학교,37.54734217,127.038253,성동구
1279,서울특별시 송파구,문현고등학교,37.48131391,127.12876340000001,송파구
1280,서울특별시 은평구,진관고등학교,37.643542,126.924448,은평구
1281,서울특별시 관악구,구암고등학교,37.4,126.9,안양시 만안구
1282,서울특별시 은평구,신도고등학교,37.62913413,126.91874750000001,은평구
1283,서울특별시 동대문구,해성여자고등학교,37.580759,127.05715500000001,동대문구
1284,서울특별시 강북구,미양고등학교,37.62402,127.01210900000001,강북구
1285,서울특별시 강동구,선사고등학교,37.556548,127.135694,강동구
1286,서울특별시 송파구,잠일고등학교,37.51451947,127.0825533,송파구
1287,서울특별시 동대문구,휘봉고등학교,37.586508200000004,127.0689973,동대문구
1288,서울특별시 강서구,수명고등학교,37.54975914,126.8247531,강서구
1289,서울특별시 은평구,은평고등학교,37.609211,126.906042,은평구
1290,서울특별시 구로구,서울공연예술고등학교,37.50008507,126.8321523,구로구
1291,서울특별시 서대문구,가재울고등학교,37.574296999999994,126.909499,서대문구
1292,서울특별시 은평구,하나고등학교,37.64163651,126.93693049999999,은평구
1293,서울특별시 성동구,금호고등학교,37.33,127.1,용인시 수지구
1294,서울특별시 성동구,도선고등학교,37.567130999999996,127.02680900000001,성동구
1295,서울특별시 종로구,서울농학교,37.58564378,126.96877420000001,종로구
1296,서울특별시 마포구,한국우진학교,37.57155,126.9032875,마포구
1297,서울특별시 종로구,서울맹학교,37.58477134,126.9677601,종로구
1298,서울특별시 송파구,광성하늘빛학교,37.53738132,127.12223390000001,송파구
1299,서울특별시 동작구,누리학교,37.50000838,126.92637409999999,동작구
1300,서울특별시 강서구,교남학교,37.54796965,126.8523507,강서구
1301,서울특별시 서초구,다니엘학교,37.46016345,127.09231799999999,서초구
1302,서울특별시 강남구,밀알학교,37.48591,127.08221,강남구
1303,서울특별시 관악구,새롬학교,37.49316856,126.92737140000001,관악구
1304,서울특별시 광진구,서울광진학교,37.53737879999999,127.09185740000001,광진구
1305,서울특별시 노원구,서울동천학교,37.64451398,127.07292530000001,노원구
1306,서울특별시 동작구,서울삼성학교,37.49919757,126.94667199999999,동작구
1307,서울특별시 강북구,서울애화학교,37.62519423,127.0288726,강북구
1308,서울특별시 도봉구,서울인강학교,37.69,127.04,도봉구
1309,서울특별시 관악구,서울정문학교,37.4,126.9,안양시 만안구
1310,서울특별시 노원구,서울정민학교,37.63389662,127.0731686,노원구
1311,서울특별시 강북구,서울정인학교,37.63095627,127.01192240000002,강북구
1312,서울특별시 구로구,서울정진학교,37.49881413,126.8207513,구로구
1313,서울특별시 구로구,성베드로학교,37.486634,126.825681,구로구
1314,서울특별시 종로구,수도사랑의학교,37.57478401,126.9652332,종로구
1315,서울특별시 서대문구,연세대학교재활학교,37.56380482,126.9429316,서대문구
1316,서울특별시 강남구,서울정애학교,37.51432676,127.054402,강남구
1317,서울특별시 강동구,주몽학교,37.5461974,127.16337490000001,강동구
1318,서울특별시 강동구,한국구화학교,37.558261,127.15900800000001,강동구
1319,서울특별시 송파구,한국육영학교,37.48208464,127.13250479999999,송파구
1320,서울특별시 강북구,한빛맹학교,37.62789247,127.0157146,강북구
1321,서울특별시 은평구,은평대영학교,37.606119,126.90610900000001,은평구
1322,서울특별시 종로구,서울경운학교,37.57506236,126.9874209,종로구
1323,서울특별시 성북구,서울다원학교,37.59394033,126.99136270000001,성북구
1324,서울특별시 강북구,서울효정학교,37.627189,127.01614599999999,강북구
1325,서울특별시 노원구,청암예술학교,37.65177532,127.07386159999999,노원구
1326,서울특별시 영등포구,한국제과학교,37.51596419,126.9220375,영등포구
1327,서울특별시 강남구,국립국악중학교,37.4,127.0,의왕시
1328,서울특별시 금천구,국립전통예술중학교,37.445417,126.90655,금천구
1329,서울특별시 광진구,선화예술중학교,37.550645,127.08745900000001,광진구
1330,서울특별시 중구,예원학교,37.56702272,126.9715438,중구
1331,서울특별시 노원구,한국삼육중학교,37.64335827,127.10885139999999,노원구
1332,서울특별시 관악구,서울산업정보학교,37.47050363,126.94193999999999,관악구
1333,서울특별시 마포구,아현산업정보학교,37.55702484,126.95802090000001,마포구
1334,서울특별시 종로구,종로산업정보학교,37.57257143,127.01718819999999,종로구
1335,서울특별시 중구,서울실용음악고등학교,37.563334999999995,127.020618,중구
1336,서울특별시 중구,여명학교,37.55690167,126.9855362,중구
1337,서울특별시 종로구,서울다솜관광고등학교,37.571838,127.01816200000002,종로구
1338,서울특별시 서초구,서초문화예술정보학교,37.48787487,127.02944380000001,서초구
1339,서울특별시 은평구,은평문화예술정보학교,37.58917385,126.91932079999998,은평구
1340,서울특별시 종로구,오디세이학교,37.572117999999996,127.01817,종로구
1341,서울특별시 금천구,금천문화예술정보학교,37.5,126.9,영등포구
1342,서울특별시 성북구,경동고등학교부설방송통신고등학교,37.58660187,127.01603200000001,성북구
1343,서울특별시 종로구,경복고등학교부설방송통신고등학교,37.5859472,126.9715094,종로구
1344,서울특별시 동작구,수도여자고등학교부설방송통신고등학교,37.493134999999995,126.91582199999999,동작구
1345,서울특별시 동작구,영등포고등학교부설방송통신고등학교,37.508917,126.934127,동작구
1346,서울특별시 강남구,경기여자고등학교부설방송통신고등학교,37.5651,126.98955,중구
1347,서울특별시 구로구,지구촌학교,37.48885919,126.8351761,구로구
1348,서울특별시 마포구,아현중학교부설방송통신중학교,37.556216,126.95706200000001,마포구
