행정동,구,공원개수,공원개수_w,문화시설개수,문화시설개수_w,한강공원개수,한강공원개수_w,체육시설개수,체육시설개수_w,보행자도로개수,보행자도로개수_w,초중고,초중고_w,관광명소개수,관광명소개수_w,지하철개수,지하철개수_w,호텔개수,호텔개수_w,대학교개수,대학교개수_w,총합,가중치총합,인구수비율,SCORE,랭크
여의동,영등포구,,0,5,0.000843061,4,0.066666667,1,0.001041667,,0,6,0.000046083,3,0.003488372,4,0.000542373,5,0.000193798,,0,24,0.072822021,0.008665548,0.126491578,1
당산2동,영등포구,,0,1,0.000168612,2,0.033333333,,0,,0,4,0.000030722,1,0.001162791,1,0.000135593,2,0.000077519,,0,21,0.03490857,0.003996687,0.060478753,2
암사2동,강동구,,0,3,0.000505837,2,0.033333333,1,0.001041667,,0,2,0.000015361,1,0.001162791,1,0.000135593,,0,,0,8,0.036194582,0.001549876,0.06011271,3
종로1.2.3.4가동,종로구,1,0.000422535,50,0.00843061,,0,,0,6,0.001917808,2,0.000015361,13,0.015116279,3,0.00040678,22,0.000852713,,0,97,0.027162086,0.007063466,0.051011721,4
잠실2동,송파구,,0,2,0.000337224,1,0.016666667,5,0.005208333,,0,6,0.000046083,1,0.001162791,1,0.000135593,,0,,0,19,0.023556691,0.003575375,0.041690101,5
잠실3동,송파구,,0,8,0.001348898,1,0.016666667,,0,,0,4,0.000030722,2,0.002325581,,0,1,0.00003876,,0,17,0.020410628,0.004564266,0.037588662,6
상암동,마포구,,0,5,0.000843061,1,0.016666667,1,0.001041667,,0,5,0.000038402,1,0.001162791,1,0.000135593,1,0.00003876,,0,14,0.019926941,0.004309922,0.036551713,7
잠실6동,송파구,1,0.000422535,2,0.000337224,1,0.016666667,,0,,0,2,0.000015361,2,0.002325581,1,0.000135593,,0,,0,14,0.019902961,0.004143047,0.036346038,8
반포2동,서초구,,0,3,0.000505837,1,0.016666667,2,0.002083333,,0,2,0.000015361,1,0.001162791,1,0.000135593,,0,,0,21,0.020569582,0.002180286,0.03546187,9
자양3동,광진구,,0,2,0.000337224,1,0.016666667,1,0.001041667,2,0.000639269,4,0.000030722,1,0.001162791,1,0.000135593,1,0.00003876,,0,21,0.020052693,0.002171585,0.034616842,10
신사동,강남구,,0,4,0.000674449,1,0.016666667,,0,,0,3,0.000023041,1,0.001162791,2,0.000271186,2,0.000077519,,0,16,0.018875653,0.002065982,0.032606789,11
망원1동,마포구,,0,,0,1,0.016666667,1,0.001041667,,0,,0,1,0.001162791,,0,,0,,0,4,0.018871125,0.001902129,0.032435609,12
서빙고동,용산구,,0,5,0.000843061,1,0.016666667,,0,,0,2,0.000015361,1,0.001162791,1,0.000135593,,0,,0,11,0.018823473,0.001692938,0.032149317,13
천호2동,강동구,,0,2,0.000337224,1,0.016666667,,0,,0,2,0.000015361,,0,,0,1,0.00003876,,0,6,0.017058012,0.004352511,0.031952374,14
이촌1동,용산구,,0,2,0.000337224,1,0.016666667,1,0.001041667,,0,2,0.000015361,,0,,0,,0,,0,7,0.018060919,0.002592713,0.03181528,15
합정동,마포구,,0,2,0.000337224,1,0.016666667,,0,,0,1,0.00000768,1,0.001162791,1,0.000135593,1,0.00003876,,0,7,0.018348715,0.00212231,0.031810531,16
잠원동,서초구,,0,1,0.000168612,1,0.016666667,,0,,0,2,0.000015361,,0,1,0.000135593,2,0.000077519,,0,12,0.017063752,0.003530497,0.031139648,17
방화3동,강서구,1,0.000422535,1,0.000168612,1,0.016666667,,0,2,0.000639269,6,0.000046083,,0,1,0.000135593,,0,,0,11,0.018078759,0.001799549,0.031050981,18
양평2동,영등포구,,0,,0,1,0.016666667,,0,2,0.000639269,5,0.000038402,,0,1,0.000135593,,0,,0,9,0.017479931,0.00257467,0.030857198,19
성수2가1동,성동구,,0,,0,1,0.016666667,,0,,0,3,0.000023041,1,0.001162791,,0,,0,,0,7,0.017852499,0.001900388,0.030785731,20
반포3동,서초구,,0,,0,1,0.016666667,1,0.001041667,,0,1,0.00000768,,0,,0,,0,,0,22,0.017716014,0.002116356,0.030780867,21
자양4동,광진구,,0,3,0.000505837,1,0.016666667,,0,,0,1,0.00000768,,0,,0,,0,,0,9,0.017180184,0.002679448,0.030476986,22
자양2동,광진구,,0,,0,1,0.016666667,,0,,0,7,0.000053763,,0,1,0.000135593,,0,,0,20,0.016856023,0.002355221,0.029628266,23
잠실4동,송파구,,0,,0,1,0.016666667,,0,,0,3,0.000023041,,0,1,0.000135593,,0,,0,6,0.016825301,0.002327561,0.029550898,24
풍납1동,송파구,,0,,0,1,0.016666667,,0,,0,2,0.000015361,,0,,0,,0,,0,3,0.016682028,0.001510034,0.028501555,25
반포본동,서초구,,0,,0,1,0.016666667,,0,,0,3,0.000023041,,0,1,0.000135593,,0,,0,6,0.016825301,0.001093211,0.028316548,26
명동,중구,,0,21,0.003540856,,0,,0,12,0.003835616,2,0.000015361,2,0.002325581,2,0.000271186,18,0.000697674,,0,57,0.010686274,0.004165028,0.021455419,27
사직동,종로구,2,0.00084507,17,0.002866407,,0,1,0.001041667,,0,3,0.000023041,5,0.005813953,2,0.000271186,,0,,0,30,0.010861324,0.00316652,0.020740142,28
소공동,중구,,0,18,0.003035019,,0,,0,,0,5,0.000038402,5,0.005813953,1,0.000135593,7,0.000271318,,0,36,0.009294285,0.002999095,0.018037248,29
신촌동,서대문구,,0,7,0.001180285,,0,,0,12,0.003835616,6,0.000046083,1,0.001162791,2,0.000271186,1,0.00003876,2,0.000344828,31,0.006879549,0.006433789,0.017564899,30
이화동,종로구,,0,21,0.003540856,,0,,0,4,0.001278539,2,0.000015361,3,0.003488372,1,0.000135593,,0,1,0.000172414,32,0.008631135,0.002246688,0.016211864,31
역삼1동,강남구,,0,13,0.002191958,,0,,0,1,0.000319635,1,0.00000768,,0,3,0.00040678,12,0.000465116,,0,30,0.003391169,0.010364531,0.015851442,32
목1동,양천구,,0,5,0.000843061,,0,5,0.005208333,2,0.000639269,3,0.000023041,,0,2,0.000271186,,0,,0,17,0.00698489,0.004452985,0.015754537,33
진관동,은평구,4,0.001690141,6,0.001011673,,0,2,0.002083333,,0,11,0.000084485,1,0.001162791,1,0.000135593,,0,,0,25,0.006168016,0.00567836,0.01565821,34
한남동,용산구,,0,27,0.004552529,,0,,0,,0,1,0.00000768,2,0.002325581,2,0.000271186,2,0.000077519,,0,34,0.007234495,0.00297748,0.014682893,35
회현동,중구,,0,3,0.000505837,,0,,0,8,0.002557078,,0,3,0.003488372,3,0.00040678,5,0.000193798,,0,22,0.007151865,0.002740996,0.014312714,36
낙성대동,관악구,,0,1,0.000168612,,0,2,0.002083333,8,0.002557078,1,0.00000768,2,0.002325581,,0,,0,,0,14,0.007142284,0.002579799,0.014136015,37
서교동,마포구,,0,9,0.00151751,,0,,0,,0,1,0.00000768,1,0.001162791,2,0.000271186,7,0.000271318,,0,20,0.003230485,0.007825856,0.013052781,38
잠실본동,송파구,,0,1,0.000168612,,0,4,0.004166667,,0,1,0.00000768,1,0.001162791,,0,2,0.000077519,,0,9,0.005583269,0.00344193,0.012475659,39
혜화동,종로구,1,0.000422535,13,0.002191958,,0,,0,4,0.001278539,6,0.000046083,1,0.001162791,,0,,0,2,0.000344828,27,0.005446734,0.003335869,0.012148685,40
청운효자동,종로구,,0,9,0.00151751,,0,,0,,0,7,0.000053763,4,0.004651163,,0,,0,1,0.000172414,21,0.00639485,0.001580284,0.011927151,41
문래동,영등포구,,0,5,0.000843061,,0,,0,8,0.002557078,5,0.000038402,1,0.001162791,1,0.000135593,,0,,0,20,0.004736925,0.00381708,0.011481425,42
갈현2동,은평구,,0,,0,,0,,0,16,0.005114155,10,0.000076805,,0,1,0.000135593,,0,,0,27,0.005326553,0.002496635,0.011114998,43
서초3동,서초구,,0,9,0.00151751,,0,,0,,0,5,0.000038402,1,0.001162791,2,0.000271186,3,0.000116279,,0,20,0.003106168,0.006040687,0.011066467,44
삼성1동,강남구,,0,6,0.001011673,,0,,0,,0,3,0.000023041,2,0.002325581,2,0.000271186,3,0.000116279,,0,16,0.00374776,0.004388964,0.01045284,45
공릉2동,노원구,,0,2,0.000337224,,0,1,0.001041667,,0,10,0.000076805,1,0.001162791,1,0.000135593,,0,2,0.000344828,17,0.003098908,0.004816137,0.00983017,46
성북동,성북구,,0,7,0.001180285,,0,,0,,0,17,0.000130568,3,0.003488372,,0,,0,,0,27,0.004799225,0.001834353,0.009599499,47
상계1동,노원구,,0,,0,,0,1,0.001041667,,0,4,0.000030722,2,0.002325581,1,0.000135593,,0,,0,8,0.003533563,0.003486076,0.009203381,48
능동,광진구,,0,6,0.001011673,,0,2,0.002083333,,0,3,0.000023041,1,0.001162791,2,0.000271186,,0,,0,14,0.004552024,0.001646686,0.009011861,49
부암동,종로구,,0,6,0.001011673,,0,,0,,0,4,0.000030722,3,0.003488372,,0,,0,1,0.000172414,14,0.004703181,0.001256149,0.008865896,50
대치2동,강남구,,0,10,0.001686122,,0,,0,,0,3,0.000023041,,0,3,0.00040678,1,0.00003876,,0,17,0.002154703,0.005121771,0.00860808,51
갈현1동,은평구,,0,,0,,0,,0,8,0.002557078,,0,1,0.001162791,1,0.000135593,,0,,0,10,0.003855462,0.002306679,0.008544817,52
삼청동,종로구,1,0.000422535,15,0.002529183,,0,,0,2,0.000639269,2,0.000015361,1,0.001162791,,0,,0,,0,21,0.004769139,0.000675655,0.008392122,53
가회동,종로구,,0,7,0.001180285,,0,,0,,0,4,0.000030722,3,0.003488372,,0,,0,,0,14,0.004699379,0.000722732,0.008326327,54
상도1동,동작구,,0,,0,,0,,0,2,0.000639269,3,0.000023041,1,0.001162791,2,0.000271186,,0,1,0.000172414,9,0.002268701,0.004522776,0.008193534,55
한강로동,용산구,,0,10,0.001686122,,0,,0,,0,4,0.000030722,,0,4,0.000542373,,0,,0,18,0.002259217,0.004514258,0.008169671,56
노량진1동,동작구,1,0.000422535,1,0.000168612,,0,,0,4,0.001278539,4,0.000030722,,0,2,0.000271186,,0,,0,12,0.002171594,0.004618212,0.008131851,57
양재2동,서초구,,0,1,0.000168612,,0,1,0.001041667,,0,2,0.000015361,1,0.001162791,1,0.000135593,1,0.00003876,,0,7,0.002562784,0.003676856,0.007823441,58
가양1동,강서구,2,0.00084507,2,0.000337224,,0,,0,,0,4,0.000030722,1,0.001162791,3,0.00040678,,0,,0,12,0.002782587,0.003249958,0.007752184,59
장충동,중구,,0,8,0.001348898,,0,1,0.001041667,,0,1,0.00000768,1,0.001162791,1,0.000135593,4,0.000155039,1,0.000172414,17,0.004024082,0.001238106,0.007749071,60
청량리동,동대문구,2,0.00084507,2,0.000337224,,0,,0,,0,3,0.000023041,2,0.002325581,,0,1,0.00003876,,0,10,0.003569676,0.001964776,0.007740512,61
문정2동,송파구,,0,,0,,0,,0,2,0.000639269,1,0.00000768,1,0.001162791,3,0.00040678,,0,,0,7,0.00221652,0.004136818,0.007723147,62
홍은2동,서대문구,2,0.00084507,2,0.000337224,,0,1,0.001041667,2,0.000639269,5,0.000038402,,0,,0,1,0.00003876,1,0.000172414,14,0.003112806,0.00260636,0.00764288,63
광장동,광진구,,0,5,0.000843061,,0,,0,,0,7,0.000053763,1,0.001162791,1,0.000135593,2,0.000077519,1,0.000172414,17,0.002445141,0.003668797,0.007625035,64
신정3동,양천구,2,0.00084507,1,0.000168612,,0,,0,4,0.001278539,8,0.000061444,,0,1,0.000135593,,0,,0,16,0.002489258,0.003484702,0.007512321,65
필동,중구,,0,11,0.001854734,,0,,0,,0,3,0.000023041,1,0.001162791,1,0.000135593,6,0.000232558,1,0.000172414,23,0.003581131,0.001644671,0.007438941,66
대학동,관악구,,0,5,0.000843061,,0,,0,,0,6,0.000046083,1,0.001162791,,0,,0,1,0.000172414,13,0.002224349,0.003765423,0.00736442,67
오륜동,송파구,,0,10,0.001686122,,0,,0,,0,7,0.000053763,1,0.001162791,1,0.000135593,,0,1,0.000172414,20,0.003210683,0.002050778,0.007245663,68
영등포동,영등포구,,0,,0,,0,,0,,0,1,0.00000768,1,0.001162791,1,0.000135593,5,0.000193798,,0,8,0.001499862,0.004771808,0.007198585,69
서초2동,서초구,,0,3,0.000505837,,0,1,0.001041667,,0,2,0.000015361,,0,1,0.000135593,,0,,0,7,0.001698458,0.004307266,0.007055371,70
양재1동,서초구,1,0.000422535,5,0.000843061,,0,,0,,0,5,0.000038402,,0,1,0.000135593,,0,,0,12,0.001439591,0.004699635,0.007028893,71
녹번동,은평구,1,0.000422535,6,0.001011673,,0,,0,2,0.000639269,2,0.000015361,,0,2,0.000271186,1,0.00003876,,0,14,0.002398784,0.003013383,0.006894616,72
삼성2동,강남구,,0,3,0.000505837,,0,,0,,0,1,0.00000768,1,0.001162791,1,0.000135593,4,0.000155039,,0,10,0.00196694,0.003695541,0.00687805,73
천연동,서대문구,1,0.000422535,2,0.000337224,,0,,0,,0,3,0.000023041,2,0.002325581,,0,,0,,0,8,0.003108381,0.001774911,0.006804271,74
구로3동,구로구,,0,1,0.000168612,,0,,0,3,0.000958904,3,0.000023041,,0,2,0.000271186,2,0.000077519,,0,11,0.001499262,0.00425735,0.006683156,75
성산2동,마포구,,0,2,0.000337224,,0,,0,,0,5,0.000038402,1,0.001162791,2,0.000271186,,0,,0,10,0.001809603,0.003740511,0.006668449,76
용산2가동,용산구,1,0.000422535,3,0.000505837,,0,,0,,0,4,0.000030722,2,0.002325581,1,0.000135593,,0,,0,11,0.003420268,0.001098615,0.006632609,77
용신동,동대문구,,0,6,0.001011673,,0,,0,,0,3,0.000023041,,0,3,0.00040678,3,0.000116279,,0,15,0.001557773,0.004109891,0.006630368,78
독산1동,금천구,,0,3,0.000505837,,0,1,0.001041667,2,0.000639269,6,0.000046083,,0,,0,1,0.00003876,,0,13,0.002271616,0.002944508,0.006619983,79
가산동,금천구,,0,2,0.000337224,,0,,0,,0,,0,,0,2,0.000271186,1,0.00003876,,0,5,0.00064717,0.005570559,0.00661768,80
신림동,관악구,,0,1,0.000168612,,0,,0,2,0.000639269,,0,1,0.001162791,1,0.000135593,2,0.000077519,,0,7,0.002183784,0.003075297,0.00660866,81
공릉1동,노원구,,0,1,0.000168612,,0,,0,,0,3,0.000023041,1,0.001162791,2,0.000271186,,0,,0,7,0.00162563,0.003973057,0.006603326,82
서초4동,서초구,,0,1,0.000168612,,0,,0,4,0.001278539,3,0.000023041,,0,,0,,0,,0,8,0.001470192,0.004160265,0.006539036,83
이태원1동,용산구,,0,3,0.000505837,,0,,0,,0,1,0.00000768,2,0.002325581,1,0.000135593,4,0.000155039,,0,11,0.00312973,0.001425681,0.006489584,84
압구정동,강남구,,0,6,0.001011673,,0,,0,,0,5,0.000038402,,0,1,0.000135593,2,0.000077519,,0,14,0.001263187,0.004441628,0.006485465,85
구로5동,구로구,,0,6,0.001011673,,0,,0,2,0.000639269,4,0.000030722,,0,1,0.000135593,,0,,0,13,0.001817257,0.003495693,0.006436015,86
남영동,용산구,,0,7,0.001180285,,0,,0,,0,,0,1,0.001162791,2,0.000271186,3,0.000116279,,0,13,0.002730541,0.001983735,0.00640175,87
논현2동,강남구,,0,4,0.000674449,,0,,0,,0,2,0.000015361,,0,3,0.00040678,2,0.000077519,1,0.000172414,12,0.001346523,0.004120332,0.006299006,88
구의1동,광진구,,0,,0,,0,,0,8,0.002557078,2,0.000015361,,0,,0,,0,,0,10,0.002572439,0.00212634,0.006288546,89
청파동,용산구,,0,13,0.002191958,,0,,0,,0,7,0.000053763,,0,,0,,0,1,0.000172414,21,0.002418135,0.002348352,0.006260894,90
광희동,중구,,0,5,0.000843061,,0,,0,,0,2,0.000015361,1,0.001162791,1,0.000135593,8,0.000310078,,0,17,0.002466884,0.002209136,0.006200554,91
흑석동,동작구,1,0.000422535,1,0.000168612,,0,,0,2,0.000639269,4,0.000030722,,0,1,0.000135593,,0,2,0.000344828,11,0.001741559,0.003373421,0.006191263,92
논현1동,강남구,,0,2,0.000337224,,0,,0,1,0.000319635,,0,,0,2,0.000271186,7,0.000271318,,0,12,0.001199363,0.004243429,0.006183998,93
중계2.3동,노원구,,0,2,0.000337224,,0,,0,,0,9,0.000069124,1,0.001162791,1,0.000135593,,0,,0,13,0.001704732,0.003404928,0.006163184,94
세곡동,강남구,2,0.00084507,3,0.000505837,,0,,0,,0,4,0.000030722,,0,,0,,0,,0,9,0.001381629,0.003856005,0.006091481,95
연희동,서대문구,2,0.00084507,3,0.000505837,,0,,0,,0,3,0.000023041,,0,,0,,0,,0,8,0.001373948,0.003861226,0.006084274,96
창4동,도봉구,,0,3,0.000505837,,0,1,0.001041667,,0,5,0.000038402,,0,2,0.000271186,,0,,0,11,0.001857092,0.003028861,0.006033636,97
우장산동,강서구,,0,2,0.000337224,,0,,0,4,0.001278539,2,0.000015361,,0,,0,,0,,0,8,0.001631124,0.003239151,0.00587831,98
신도림동,구로구,,0,1,0.000168612,,0,,0,,0,3,0.000023041,1,0.001162791,2,0.000271186,1,0.00003876,,0,8,0.00166439,0.003163132,0.005856115,99
대방동,동작구,,0,2,0.000337224,,0,,0,2,0.000639269,13,0.000099846,,0,2,0.000271186,,0,,0,19,0.001347525,0.003661836,0.005842131,100
청담동,강남구,,0,5,0.000843061,,0,,0,,0,3,0.000023041,,0,,0,5,0.000193798,,0,13,0.0010599,0.004116211,0.005831129,101
오류2동,구로구,1,0.000422535,1,0.000168612,,0,,0,,0,9,0.000069124,,0,2,0.000271186,,0,1,0.000172414,14,0.001103871,0.003946312,0.005732375,102
길동,강동구,,0,1,0.000168612,,0,,0,,0,4,0.000030722,,0,1,0.000135593,2,0.000077519,,0,8,0.000412446,0.004976144,0.005643482,103
중림동,중구,,0,4,0.000674449,,0,1,0.001041667,,0,4,0.000030722,1,0.001162791,1,0.000135593,,0,,0,11,0.003045222,0.000696354,0.005623523,104
염창동,강서구,,0,1,0.000168612,,0,,0,4,0.001278539,5,0.000038402,,0,,0,3,0.000116279,,0,13,0.001601832,0.002926098,0.005517862,105
망우본동,중랑구,,0,1,0.000168612,,0,1,0.001041667,,0,13,0.000099846,,0,2,0.000271186,,0,,0,17,0.001581311,0.00294808,0.005506641,106
공덕동,마포구,,0,,0,,0,,0,,0,2,0.000015361,1,0.001162791,1,0.000135593,,0,,0,4,0.001313745,0.003376718,0.005502357,107
화곡1동,강서구,,0,,0,,0,,0,,0,3,0.000023041,,0,2,0.000271186,7,0.000271318,,0,12,0.000565545,0.00452644,0.005441492,108
구의2동,광진구,,0,1,0.000168612,,0,1,0.001041667,2,0.000639269,2,0.000015361,,0,1,0.000135593,,0,,0,7,0.002000502,0.002163708,0.00540052,109
사당2동,동작구,,0,,0,,0,1,0.001041667,,0,3,0.000023041,,0,2,0.000271186,,0,,0,6,0.001335894,0.003225962,0.005387438,110
목5동,양천구,,0,1,0.000168612,,0,,0,2,0.000639269,7,0.000053763,,0,1,0.000135593,,0,,0,11,0.000997237,0.003724483,0.005338012,111
면목본동,중랑구,,0,1,0.000168612,,0,,0,,0,2,0.000015361,1,0.001162791,1,0.000135593,,0,,0,5,0.001482357,0.002914283,0.005312737,112
목2동,양천구,1,0.000422535,,0,,0,,0,4,0.001278539,1,0.00000768,,0,1,0.000135593,,0,,0,7,0.001844347,0.00230787,0.005292023,113
수궁동,구로구,1,0.000422535,1,0.000168612,,0,,0,,0,8,0.000061444,1,0.001162791,1,0.000135593,,0,,0,12,0.001950975,0.002082926,0.005239604,114
화양동,광진구,,0,2,0.000337224,,0,,0,,0,3,0.000023041,,0,1,0.000135593,,0,1,0.000172414,7,0.000668272,0.004148542,0.005229806,115
신당동,중구,,0,2,0.000337224,,0,,0,,0,4,0.000030722,1,0.001162791,1,0.000135593,,0,,0,8,0.00166633,0.002514037,0.005210159,116
반포4동,서초구,,0,1,0.000168612,,0,,0,,0,14,0.000107527,,0,1,0.000135593,2,0.000077519,1,0.000172414,19,0.000661665,0.004130407,0.005200981,117
둔촌2동,강동구,1,0.000422535,,0,,0,1,0.001041667,,0,5,0.000038402,,0,,0,,0,,0,7,0.001502604,0.002756658,0.005187871,118
상계6.7동,노원구,,0,4,0.000674449,,0,,0,,0,6,0.000046083,,0,,0,1,0.00003876,1,0.000172414,12,0.000931706,0.003665499,0.005172999,119
대흥동,마포구,,0,6,0.001011673,,0,,0,,0,5,0.000038402,,0,3,0.00040678,,0,1,0.000172414,15,0.001629269,0.002515869,0.005152026,120
석촌동,송파구,,0,,0,,0,,0,,0,9,0.000069124,1,0.001162791,1,0.000135593,2,0.000077519,,0,13,0.001445027,0.002794209,0.005132263,121
충현동,서대문구,,0,1,0.000168612,,0,,0,,0,7,0.000053763,,0,2,0.000271186,1,0.00003876,2,0.000344828,13,0.000877149,0.003697098,0.005116325,122
대조동,은평구,,0,2,0.000337224,,0,,0,2,0.000639269,3,0.000023041,,0,1,0.000135593,,0,,0,8,0.001135127,0.003269925,0.00510656,123
역삼2동,강남구,,0,1,0.000168612,,0,,0,,0,4,0.000030722,,0,2,0.000271186,1,0.00003876,,0,8,0.00050928,0.004209449,0.005033464,124
불광1동,은평구,1,0.000422535,2,0.000337224,,0,,0,,0,2,0.000015361,,0,1,0.000135593,2,0.000077519,,0,8,0.000988232,0.003400073,0.004999032,125
시흥1동,금천구,,0,3,0.000505837,,0,,0,2,0.000639269,4,0.000030722,,0,1,0.000135593,,0,,0,10,0.001311421,0.002847881,0.00496976,126
답십리2동,동대문구,1,0.000422535,2,0.000337224,,0,1,0.001041667,,0,2,0.000015361,,0,,0,,0,,0,6,0.001816787,0.002017806,0.004957367,127
서원동,관악구,1,0.000422535,,0,,0,,0,4,0.001278539,1,0.00000768,,0,,0,,0,,0,6,0.001708754,0.002189445,0.004954209,128
신월3동,양천구,,0,,0,,0,1,0.001041667,,0,7,0.000053763,1,0.001162791,,0,,0,,0,9,0.002258221,0.001284541,0.004938343,129
종로5.6가동,종로구,,0,2,0.000337224,,0,,0,,0,1,0.00000768,1,0.001162791,2,0.000271186,2,0.000077519,,0,8,0.0018564,0.00192585,0.004929505,130
발산1동,강서구,1,0.000422535,,0,,0,,0,,0,14,0.000107527,,0,2,0.000271186,4,0.000155039,,0,21,0.000956287,0.003217902,0.004765174,131
역촌동,은평구,,0,2,0.000337224,,0,,0,,0,1,0.00000768,,0,,0,,0,,0,3,0.000344904,0.004189757,0.004747812,132
중계1동,노원구,,0,1,0.000168612,,0,1,0.001041667,1,0.000319635,5,0.000038402,,0,,0,,0,,0,8,0.001568316,0.002106739,0.004644274,133
상계2동,노원구,,0,2,0.000337224,,0,,0,2,0.000639269,2,0.000015361,,0,1,0.000135593,,0,,0,7,0.001127447,0.002819305,0.004643514,134
성수1가1동,성동구,,0,3,0.000505837,,0,,0,,0,7,0.000053763,1,0.001162791,1,0.000135593,,0,,0,12,0.001857984,0.001624063,0.004630281,135
종암동,성북구,,0,3,0.000505837,,0,,0,,0,4,0.000030722,,0,,0,1,0.00003876,,0,8,0.000575319,0.003691694,0.00462256,136
오금동,송파구,1,0.000422535,1,0.000168612,,0,,0,,0,9,0.000069124,,0,1,0.000135593,,0,,0,12,0.000795864,0.003306835,0.004594543,137
신정4동,양천구,,0,,0,,0,,0,2,0.000639269,3,0.000023041,,0,1,0.000135593,,0,,0,6,0.000797903,0.003206911,0.004497918,138
효창동,용산구,,0,6,0.001011673,,0,1,0.001041667,,0,1,0.00000768,,0,1,0.000135593,,0,,0,9,0.002196613,0.000940623,0.004494743,139
개봉1동,구로구,,0,2,0.000337224,,0,,0,2,0.000639269,3,0.000023041,,0,1,0.000135593,,0,,0,8,0.001135127,0.002625227,0.004461862,140
방배2동,서초구,1,0.000422535,,0,,0,,0,2,0.000639269,2,0.000015361,,0,1,0.000135593,,0,,0,6,0.001212758,0.002456886,0.004419128,141
반포1동,서초구,,0,3,0.000505837,,0,,0,,0,1,0.00000768,,0,2,0.000271186,,0,,0,6,0.000784703,0.003141608,0.004411257,142
신대방2동,동작구,,0,,0,,0,,0,,0,4,0.000030722,1,0.001162791,,0,,0,,0,5,0.001193513,0.002433072,0.004364176,143
공항동,강서구,,0,,0,,0,,0,,0,4,0.000030722,,0,2,0.000271186,1,0.00003876,,0,7,0.000340668,0.003808837,0.004360038,144
노량진2동,동작구,,0,2,0.000337224,,0,,0,,0,,0,1,0.001162791,,0,,0,,0,3,0.001500015,0.001888024,0.004315048,145
서강동,마포구,,0,3,0.000505837,,0,,0,,0,1,0.00000768,,0,2,0.000271186,,0,1,0.000172414,7,0.000957117,0.002715168,0.004263783,146
도곡2동,강남구,1,0.000422535,2,0.000337224,,0,,0,,0,4,0.000030722,,0,1,0.000135593,,0,,0,8,0.000926074,0.002754643,0.004253031,147
신정7동,양천구,1,0.000422535,,0,,0,,0,2,0.000639269,4,0.000030722,,0,1,0.000135593,,0,,0,8,0.001228119,0.002241193,0.00422829,148
행운동,관악구,,0,,0,,0,,0,2,0.000639269,5,0.000038402,,0,2,0.000271186,,0,,0,9,0.000948857,0.002679082,0.004214333,149
서초1동,서초구,,0,1,0.000168612,,0,,0,,0,2,0.000015361,,0,1,0.000135593,2,0.000077519,1,0.000172414,7,0.000569499,0.003229625,0.004151074,150
면목4동,중랑구,,0,2,0.000337224,,0,1,0.001041667,,0,2,0.000015361,,0,1,0.000135593,,0,,0,6,0.001529845,0.001673064,0.004148353,151
송중동,강북구,,0,2,0.000337224,,0,,0,,0,3,0.000023041,,0,1,0.000135593,1,0.00003876,,0,7,0.000534618,0.00323622,0.004101232,152
행당1동,성동구,,0,5,0.000843061,,0,,0,,0,1,0.00000768,,0,1,0.000135593,,0,,0,7,0.000986334,0.00250497,0.004100858,153
이문1동,동대문구,,0,2,0.000337224,,0,,0,,0,2,0.000015361,,0,1,0.000135593,,0,2,0.000344828,7,0.000833006,0.002737241,0.004085045,154
제기동,동대문구,,0,2,0.000337224,,0,,0,,0,5,0.000038402,,0,1,0.000135593,,0,,0,8,0.000511219,0.003237136,0.004064288,155
전농1동,동대문구,,0,1,0.000168612,,0,,0,,0,2,0.000015361,,0,1,0.000135593,2,0.000077519,,0,6,0.000397085,0.003419948,0.004062432,156
정릉1동,성북구,,0,1,0.000168612,,0,,0,,0,1,0.00000768,1,0.001162791,1,0.000135593,,0,,0,4,0.001474676,0.001623697,0.004009723,157
오류1동,구로구,1,0.000422535,2,0.000337224,,0,,0,2,0.000639269,1,0.00000768,,0,,0,1,0.00003876,,0,7,0.001445468,0.001636245,0.003975012,158
방학3동,도봉구,,0,,0,,0,,0,,0,3,0.000023041,1,0.001162791,,0,,0,,0,4,0.001185832,0.002047756,0.003966432,159
신길3동,영등포구,,0,,0,,0,,0,5,0.001598174,1,0.00000768,,0,,0,,0,,0,6,0.001605854,0.001363583,0.003961855,160
번3동,강북구,,0,2,0.000337224,,0,,0,,0,2,0.000015361,1,0.001162791,,0,,0,,0,5,0.001515376,0.001495197,0.003947075,161
구로2동,구로구,,0,2,0.000337224,,0,,0,,0,2,0.000015361,,0,,0,,0,,0,4,0.000352585,0.003367559,0.003938042,162
장안1동,동대문구,,0,2,0.000337224,,0,,0,,0,3,0.000023041,,0,,0,3,0.000116279,,0,8,0.000476544,0.003154339,0.003925387,163
구의3동,광진구,,0,2,0.000337224,,0,,0,,0,2,0.000015361,,0,1,0.000135593,1,0.00003876,,0,6,0.000526938,0.003069894,0.00392248,164
석관동,성북구,1,0.000422535,,0,,0,,0,,0,3,0.000023041,,0,1,0.000135593,,0,1,0.000172414,6,0.000753583,0.00266516,0.003884457,165
등촌3동,강서구,,0,1,0.000168612,,0,,0,,0,10,0.000076805,,0,1,0.000135593,1,0.00003876,,0,13,0.00041977,0.003196104,0.003875292,166
불광2동,은평구,1,0.000422535,,0,,0,,0,2,0.000639269,7,0.000053763,,0,,0,,0,,0,10,0.001115567,0.002060945,0.003865932,167
월곡2동,성북구,,0,2,0.000337224,,0,,0,,0,2,0.000015361,,0,2,0.000271186,,0,1,0.000172414,7,0.000796185,0.002557451,0.003845678,168
이태원2동,용산구,,0,3,0.000505837,,0,,0,,0,1,0.00000768,1,0.001162791,,0,,0,,0,5,0.001676308,0.001127282,0.003839548,169
평창동,종로구,,0,7,0.001180285,,0,,0,,0,1,0.00000768,,0,,0,1,0.00003876,,0,9,0.001226725,0.001850472,0.003835313,170
강일동,강동구,,0,1,0.000168612,,0,,0,,0,4,0.000030722,,0,,0,,0,,0,5,0.000199334,0.003493586,0.003816108,171
장지동,송파구,1,0.000422535,,0,,0,,0,,0,7,0.000053763,,0,,0,,0,,0,8,0.000476298,0.003030144,0.003800794,172
화곡6동,강서구,,0,2,0.000337224,,0,,0,,0,2,0.000015361,,0,,0,4,0.000155039,2,0.000344828,10,0.000852452,0.002420616,0.003799883,173
사근동,성동구,,0,1,0.000168612,,0,,0,,0,5,0.000038402,,0,2,0.000271186,,0,2,0.000344828,10,0.000823028,0.00246522,0.003796879,174
방이2동,송파구,,0,1,0.000168612,,0,,0,,0,1,0.00000768,,0,1,0.000135593,1,0.00003876,,0,4,0.000350645,0.003224771,0.003792115,175
가락1동,송파구,,0,1,0.000168612,,0,,0,,0,,0,1,0.001162791,2,0.000271186,,0,,0,4,0.001602589,0.00119863,0.003791619,176
도봉1동,도봉구,,0,,0,,0,,0,,0,5,0.000038402,1,0.001162791,,0,,0,,0,6,0.001201193,0.001841496,0.003785026,177
월계2동,노원구,,0,1,0.000168612,,0,,0,2,0.000639269,9,0.000069124,,0,1,0.000135593,,0,1,0.000172414,14,0.001185012,0.001856151,0.0037735,178
풍납2동,송파구,,0,,0,,0,,0,,0,6,0.000046083,,0,,0,,0,,0,6,0.000046083,0.003685557,0.003760119,179
삼양동,강북구,1,0.000422535,1,0.000168612,,0,,0,,0,5,0.000038402,,0,2,0.000271186,,0,,0,9,0.000900735,0.002299627,0.003757016,180
도곡1동,강남구,1,0.000422535,1,0.000168612,,0,,0,,0,2,0.000015361,,0,1,0.000135593,,0,,0,5,0.000742101,0.002494712,0.003695431,181
대치4동,강남구,,0,2,0.000337224,,0,,0,,0,1,0.00000768,,0,,0,2,0.000077519,,0,5,0.000422423,0.003007887,0.003691367,182
방화2동,강서구,,0,,0,,0,,0,,0,3,0.000023041,,0,3,0.00040678,1,0.00003876,,0,7,0.000468581,0.002908513,0.003666677,183
삼선동,성북구,,0,,0,,0,,0,,0,5,0.000038402,,0,2,0.000271186,,0,1,0.000172414,8,0.000482002,0.002866748,0.003646627,184
일원본동,강남구,1,0.000422535,2,0.000337224,,0,,0,,0,5,0.000038402,,0,1,0.000135593,,0,,0,9,0.000933754,0.002127072,0.003637886,185
원효로2동,용산구,,0,2,0.000337224,,0,,0,,0,3,0.000023041,1,0.001162791,,0,,0,,0,6,0.001523056,0.001159339,0.003623644,186
창1동,도봉구,1,0.000422535,2,0.000337224,,0,,0,,0,4,0.000030722,,0,,0,,0,,0,7,0.000790481,0.002293307,0.003572305,187
가락본동,송파구,,0,,0,,0,,0,,0,4,0.000030722,,0,,0,2,0.000077519,,0,6,0.000108241,0.003390365,0.003565499,188
안암동,성북구,,0,1,0.000168612,,0,,0,,0,3,0.000023041,,0,1,0.000135593,,0,1,0.000172414,6,0.00049966,0.002753635,0.003562085,189
화곡본동,강서구,1,0.000422535,1,0.000168612,,0,,0,,0,2,0.000015361,,0,,0,,0,,0,4,0.000606508,0.002535195,0.003516525,190
아현동,마포구,,0,1,0.000168612,,0,,0,,0,4,0.000030722,,0,2,0.000271186,1,0.00003876,,0,8,0.00050928,0.002647208,0.003471223,191
천호1동,강동구,,0,2,0.000337224,,0,,0,,0,4,0.000030722,,0,1,0.000135593,,0,,0,7,0.000503539,0.002646109,0.003460835,192
묵1동,중랑구,,0,2,0.000337224,,0,,0,,0,5,0.000038402,,0,1,0.000135593,,0,,0,8,0.000511219,0.002626234,0.003453386,193
하계1동,노원구,,0,,0,,0,,0,,0,8,0.000061444,,0,1,0.000135593,,0,1,0.000172414,10,0.000369451,0.002824526,0.003422298,194
중곡4동,광진구,1,0.000422535,,0,,0,,0,,0,6,0.000046083,,0,,0,,0,,0,7,0.000468618,0.002648399,0.003406623,195
방화1동,강서구,,0,,0,,0,,0,,0,5,0.000038402,,0,1,0.000135593,,0,,0,6,0.000173995,0.003087204,0.003368728,196
신사1동,은평구,1,0.000422535,,0,,0,,0,,0,1,0.00000768,,0,1,0.000135593,,0,1,0.000172414,4,0.000738222,0.002167646,0.003362089,197
대림3동,영등포구,,0,1,0.000168612,,0,,0,,0,18,0.000138249,,0,1,0.000135593,,0,,0,20,0.000442454,0.002641988,0.003357879,198
숭인2동,종로구,,0,2,0.000337224,,0,,0,2,0.000639269,3,0.000023041,,0,1,0.000135593,1,0.00003876,,0,9,0.001173887,0.00144464,0.003343989,199
인수동,강북구,,0,2,0.000337224,,0,,0,,0,3,0.000023041,,0,,0,1,0.00003876,,0,6,0.000399025,0.002695842,0.003341464,200
신월5동,양천구,,0,,0,,0,,0,4,0.001278539,3,0.000023041,,0,,0,1,0.00003876,,0,8,0.00134034,0.001171978,0.003340648,201
길음1동,성북구,,0,,0,,0,,0,,0,4,0.000030722,,0,1,0.000135593,,0,,0,5,0.000166315,0.003054232,0.00332333,202
조원동,관악구,,0,,0,,0,,0,2,0.000639269,1,0.00000768,,0,,0,,0,,0,3,0.000646949,0.002266105,0.003312868,203
천호3동,강동구,,0,1,0.000168612,,0,,0,,0,1,0.00000768,,0,,0,,0,,0,2,0.000176292,0.003008162,0.003293402,204
북가좌1동,서대문구,,0,,0,,0,,0,,0,3,0.000023041,1,0.001162791,,0,,0,,0,4,0.001185832,0.001356531,0.003275207,205
구산동,은평구,,0,2,0.000337224,,0,,0,,0,10,0.000076805,,0,,0,,0,,0,12,0.000414029,0.002552413,0.003222312,206
청룡동,관악구,,0,,0,,0,,0,,0,9,0.000069124,,0,,0,,0,,0,9,0.000069124,0.003099752,0.003211595,207
내곡동,서초구,,0,3,0.000505837,,0,,0,,0,2,0.000015361,,0,1,0.000135593,,0,,0,6,0.000656791,0.002148321,0.003211009,208
송천동,강북구,,0,1,0.000168612,,0,,0,,0,6,0.000046083,,0,1,0.000135593,,0,,0,8,0.000350288,0.002633745,0.003200511,209
방배3동,서초구,1,0.000422535,,0,,0,,0,,0,1,0.00000768,,0,1,0.000135593,,0,1,0.000172414,4,0.000738222,0.002002602,0.003197045,210
성내1동,강동구,,0,2,0.000337224,,0,,0,,0,2,0.000015361,,0,1,0.000135593,,0,,0,5,0.000488178,0.002405046,0.003194918,211
가락2동,송파구,,0,,0,,0,,0,,0,3,0.000023041,,0,2,0.000271186,,0,,0,5,0.000294227,0.002717183,0.003193242,212
마천2동,송파구,1,0.000422535,,0,,0,,0,2,0.000639269,1,0.00000768,,0,,0,,0,,0,4,0.001069484,0.001458744,0.003189169,213
성내3동,강동구,,0,1,0.000168612,,0,,0,,0,,0,,0,1,0.000135593,1,0.00003876,,0,3,0.000342965,0.002618358,0.003173275,214
옥수동,성동구,,0,,0,,0,,0,,0,4,0.000030722,,0,1,0.000135593,,0,,0,5,0.000166315,0.002902468,0.003171566,215
도봉2동,도봉구,,0,3,0.000505837,,0,,0,,0,3,0.000023041,,0,2,0.000271186,,0,,0,8,0.000800064,0.001858624,0.003153128,216
인헌동,관악구,,0,,0,,0,,0,2,0.000639269,2,0.000015361,,0,,0,,0,,0,4,0.00065463,0.002089612,0.003148803,217
성내2동,강동구,,0,,0,,0,,0,,0,,0,,0,2,0.000271186,1,0.00003876,,0,3,0.000309946,0.002642537,0.00314403,218
월계1동,노원구,,0,1,0.000168612,,0,,0,,0,3,0.000023041,,0,1,0.000135593,,0,1,0.000172414,6,0.00049966,0.002319685,0.003128135,219
상일동,강동구,1,0.000422535,1,0.000168612,,0,,0,,0,8,0.000061444,,0,1,0.000135593,,0,,0,11,0.000788184,0.001836917,0.003112199,220
마장동,성동구,,0,1,0.000168612,,0,,0,,0,4,0.000030722,,0,1,0.000135593,,0,,0,6,0.000334927,0.002554245,0.003096157,221
신내1동,중랑구,,0,,0,,0,,0,,0,2,0.000015361,,0,,0,,0,,0,2,0.000015361,0.003059086,0.00308394,222
성현동,관악구,,0,,0,,0,,0,1,0.000319635,2,0.000015361,,0,,0,,0,,0,3,0.000334996,0.002534462,0.003076486,223
개포2동,강남구,,0,3,0.000505837,,0,,0,,0,6,0.000046083,,0,3,0.00040678,,0,,0,12,0.0009587,0.001524414,0.003075591,224
용문동,용산구,,0,1,0.000168612,,0,,0,,0,,0,1,0.001162791,,0,,0,,0,2,0.001331403,0.000912322,0.003066532,225
미아동,강북구,,0,,0,,0,,0,,0,3,0.000023041,,0,1,0.000135593,,0,2,0.000344828,6,0.000503462,0.002225622,0.003040224,226
수유3동,강북구,,0,1,0.000168612,,0,,0,,0,1,0.00000768,,0,,0,,0,,0,2,0.000176292,0.002740813,0.003026053,227
고척2동,구로구,1,0.000422535,2,0.000337224,,0,,0,,0,4,0.000030722,,0,,0,,0,,0,7,0.000790481,0.001717576,0.002996574,228
군자동,광진구,,0,3,0.000505837,,0,,0,,0,2,0.000015361,,0,,0,1,0.00003876,1,0.000172414,7,0.000732372,0.00180999,0.002994968,229
쌍문1동,도봉구,,0,3,0.000505837,,0,,0,,0,4,0.000030722,,0,,0,,0,1,0.000172414,8,0.000708973,0.001840764,0.002987882,230
용답동,성동구,,0,1,0.000168612,,0,,0,,0,1,0.00000768,,0,3,0.00040678,1,0.00003876,,0,6,0.000621832,0.001965783,0.002971907,231
이촌2동,용산구,,0,1,0.000168612,,0,,0,,0,,0,1,0.001162791,,0,,0,,0,2,0.001331403,0.000811299,0.002965509,232
영등포본동,영등포구,,0,1,0.000168612,,0,,0,,0,4,0.000030722,,0,1,0.000135593,,0,,0,6,0.000334927,0.002409351,0.002951263,233
용강동,마포구,1,0.000422535,,0,,0,,0,,0,1,0.00000768,,0,,0,,0,,0,2,0.000430215,0.002240552,0.00293664,234
위례동,송파구,,0,,0,,0,,0,,0,2,0.000015361,,0,,0,,0,,0,2,0.000015361,0.002910894,0.002935748,235
원효로1동,용산구,,0,5,0.000843061,,0,,0,,0,,0,,0,,0,,0,,0,5,0.000843061,0.001566454,0.002930527,236
장안2동,동대문구,,0,,0,,0,,0,,0,3,0.000023041,,0,,0,2,0.000077519,,0,5,0.00010056,0.002767099,0.002929805,237
대림2동,영등포구,,0,,0,,0,,0,3,0.000958904,2,0.000015361,,0,,0,,0,,0,5,0.000974265,0.001346456,0.002922817,238
당산1동,영등포구,,0,2,0.000337224,,0,,0,,0,,0,,0,1,0.000135593,,0,,0,3,0.000472817,0.00214136,0.002906378,239
을지로동,중구,,0,2,0.000337224,,0,,0,,0,1,0.00000768,,0,2,0.000271186,4,0.000155039,,0,9,0.000771129,0.00165612,0.002903807,240
월곡1동,성북구,1,0.000422535,1,0.000168612,,0,,0,,0,4,0.000030722,,0,,0,,0,,0,6,0.000621869,0.001882895,0.002889079,241
전농2동,동대문구,1,0.000422535,1,0.000168612,,0,,0,,0,8,0.000061444,,0,,0,,0,1,0.000172414,11,0.000825005,0.001546487,0.002881345,242
돈암1동,성북구,2,0.00084507,,0,,0,,0,,0,4,0.000030722,,0,,0,,0,,0,6,0.000875792,0.001457096,0.002874127,243
신정6동,양천구,,0,4,0.000674449,,0,,0,,0,2,0.000015361,,0,,0,,0,,0,6,0.00068981,0.001754578,0.002870691,244
상계5동,노원구,,0,,0,,0,,0,1,0.000319635,1,0.00000768,,0,1,0.000135593,,0,,0,3,0.000462908,0.002118921,0.002867906,245
상봉2동,중랑구,,0,1,0.000168612,,0,,0,,0,,0,,0,,0,2,0.000077519,,0,3,0.000246131,0.002467052,0.002865292,246
약수동,중구,1,0.000422535,1,0.000168612,,0,,0,,0,,0,,0,2,0.000271186,,0,,0,4,0.000862333,0.001462591,0.002857846,247
홍제1동,서대문구,,0,,0,,0,,0,,0,2,0.000015361,,0,,0,,0,1,0.000172414,3,0.000187775,0.002553421,0.002857241,248
수서동,강남구,,0,1,0.000168612,,0,,0,,0,3,0.000023041,,0,1,0.000135593,,0,,0,5,0.000327246,0.002327103,0.002856587,249
미성동,관악구,,0,2,0.000337224,,0,,0,,0,8,0.000061444,,0,,0,,0,,0,10,0.000398668,0.00221106,0.002856105,250
암사1동,강동구,,0,1,0.000168612,,0,,0,,0,1,0.00000768,,0,,0,,0,,0,2,0.000176292,0.002557542,0.002842782,251
창5동,도봉구,,0,2,0.000337224,,0,,0,,0,3,0.000023041,,0,,0,,0,,0,5,0.000360265,0.002255847,0.002838756,252
방학1동,도봉구,,0,,0,,0,,0,,0,3,0.000023041,,0,1,0.000135593,,0,,0,4,0.000158634,0.002572197,0.002828867,253
자양1동,광진구,,0,1,0.000168612,,0,,0,,0,1,0.00000768,,0,,0,,0,,0,2,0.000176292,0.00254124,0.00282648,254
삼전동,송파구,,0,,0,,0,,0,,0,3,0.000023041,,0,,0,,0,,0,3,0.000023041,0.002786699,0.002823979,255
명일1동,강동구,,0,,0,,0,,0,,0,1,0.00000768,,0,1,0.000135593,,0,,0,2,0.000143273,0.00256432,0.002796136,256
상도4동,동작구,1,0.000422535,,0,,0,,0,,0,3,0.000023041,,0,,0,,0,,0,4,0.000445576,0.002069737,0.002790679,257
은천동,관악구,,0,,0,,0,,0,,0,2,0.000015361,,0,1,0.000135593,,0,,0,3,0.000150954,0.002546002,0.002790246,258
개봉3동,구로구,,0,1,0.000168612,,0,,0,2,0.000639269,4,0.000030722,,0,,0,,0,,0,7,0.000838603,0.001425589,0.002782449,259
동선동,성북구,,0,,0,,0,,0,,0,6,0.000046083,,0,,0,2,0.000077519,,0,8,0.000123602,0.002572838,0.002772826,260
무악동,종로구,,0,,0,,0,,0,,0,1,0.00000768,1,0.001162791,1,0.000135593,,0,,0,3,0.001306064,0.000656146,0.002769358,261
상계9동,노원구,,0,,0,,0,,0,1,0.000319635,5,0.000038402,,0,1,0.000135593,,0,,0,7,0.00049363,0.001966882,0.002765575,262
등촌1동,강서구,1,0.000422535,,0,,0,,0,,0,1,0.00000768,,0,1,0.000135593,1,0.00003876,,0,4,0.000604568,0.001784711,0.002762902,263
상봉1동,중랑구,,0,1,0.000168612,,0,,0,,0,4,0.000030722,,0,2,0.000271186,,0,,0,7,0.00047052,0.001999855,0.002761156,264
회기동,동대문구,,0,1,0.000168612,,0,,0,,0,5,0.000038402,,0,,0,,0,1,0.000172414,7,0.000379428,0.002142917,0.002756832,265
상도2동,동작구,,0,1,0.000168612,,0,,0,,0,2,0.000015361,,0,1,0.000135593,,0,,0,4,0.000319566,0.002222692,0.00273975,266
남현동,관악구,,0,1,0.000168612,,0,,0,,0,1,0.00000768,,0,1,0.000135593,,0,,0,3,0.000311885,0.00223414,0.00273877,267
중계4동,노원구,,0,1,0.000168612,,0,,0,1,0.000319635,6,0.000046083,,0,,0,,0,,0,8,0.00053433,0.001865218,0.002729764,268
성수2가3동,성동구,,0,,0,,0,,0,,0,1,0.00000768,,0,1,0.000135593,1,0.00003876,,0,3,0.000182033,0.002409717,0.002704246,269
우이동,강북구,,0,1,0.000168612,,0,,0,,0,1,0.00000768,,0,3,0.00040678,,0,,0,5,0.000583072,0.001757601,0.002701011,270
북아현동,서대문구,,0,,0,,0,,0,,0,3,0.000023041,,0,,0,,0,,0,3,0.000023041,0.0026571,0.00269438,271
독산4동,금천구,,0,2,0.000337224,,0,,0,2,0.000639269,1,0.00000768,,0,,0,1,0.00003876,,0,6,0.001022933,0.001034777,0.002689883,272
후암동,용산구,,0,5,0.000843061,,0,,0,,0,2,0.000015361,,0,,0,,0,,0,7,0.000858422,0.001295807,0.002684734,273
고척1동,구로구,,0,,0,,0,,0,,0,5,0.000038402,,0,,0,,0,1,0.000172414,6,0.000210816,0.002339926,0.002681026,274
대치1동,강남구,,0,1,0.000168612,,0,,0,,0,4,0.000030722,,0,,0,,0,,0,5,0.000199334,0.002351375,0.002673897,275
신대방1동,동작구,,0,,0,,0,,0,2,0.000639269,2,0.000015361,,0,,0,,0,,0,4,0.00065463,0.001608859,0.00266805,276
응암3동,은평구,,0,1,0.000168612,,0,,0,,0,5,0.000038402,,0,,0,,0,,0,6,0.000207014,0.002322432,0.002657381,277
면목3.8동,중랑구,,0,,0,,0,,0,,0,4,0.000030722,,0,1,0.000135593,,0,1,0.000172414,6,0.000338729,0.002100237,0.002648301,278
중화2동,중랑구,,0,,0,,0,,0,,0,,0,,0,1,0.000135593,,0,,0,1,0.000135593,0.002425379,0.002644768,279
사당3동,동작구,1,0.000422535,,0,,0,,0,,0,2,0.000015361,,0,,0,,0,1,0.000172414,4,0.00061031,0.001645678,0.00263316,280
사당1동,동작구,,0,,0,,0,,0,,0,2,0.000015361,,0,,0,1,0.00003876,,0,3,0.000054121,0.002513488,0.002601056,281
송파1동,송파구,,0,,0,,0,,0,,0,1,0.00000768,,0,,0,,0,,0,1,0.00000768,0.002578883,0.002591309,282
신사2동,은평구,1,0.000422535,,0,,0,,0,,0,5,0.000038402,,0,1,0.000135593,,0,,0,7,0.00059653,0.001620949,0.002586135,283
독산3동,금천구,,0,2,0.000337224,,0,,0,,0,4,0.000030722,,0,,0,,0,,0,6,0.000367946,0.001957082,0.002552419,284
응암1동,은평구,,0,1,0.000168612,,0,,0,,0,3,0.000023041,,0,,0,1,0.00003876,,0,5,0.000230413,0.002178912,0.00255172,285
월계3동,노원구,,0,,0,,0,,0,,0,4,0.000030722,,0,,0,,0,,0,4,0.000030722,0.002497368,0.002547076,286
황학동,중구,,0,1,0.000168612,,0,,0,2,0.000639269,,0,,0,,0,,0,,0,3,0.000807881,0.001229221,0.002536372,287
시흥5동,금천구,,0,1,0.000168612,,0,,0,2,0.000639269,2,0.000015361,,0,,0,,0,,0,5,0.000823242,0.001167215,0.002499221,288
등촌2동,강서구,,0,3,0.000505837,,0,,0,,0,6,0.000046083,,0,,0,1,0.00003876,,0,10,0.00059068,0.001537603,0.002493323,289
방배4동,서초구,,0,,0,,0,,0,,0,2,0.000015361,,0,,0,,0,,0,2,0.000015361,0.002452123,0.002476977,290
도화동,마포구,,0,,0,,0,,0,,0,1,0.00000768,,0,1,0.000135593,1,0.00003876,,0,3,0.000182033,0.002140444,0.002434973,291
양평1동,영등포구,,0,,0,,0,,0,,0,2,0.000015361,,0,1,0.000135593,4,0.000155039,,0,7,0.000305993,0.001931804,0.002426901,292
왕십리도선동,성동구,,0,,0,,0,,0,,0,2,0.000015361,,0,,0,3,0.000116279,,0,5,0.00013164,0.002186056,0.00239905,293
창2동,도봉구,,0,,0,,0,,0,,0,1,0.00000768,,0,,0,,0,,0,1,0.00000768,0.002379401,0.002391827,294
정릉3동,성북구,,0,1,0.000168612,,0,,0,,0,4,0.000030722,,0,,0,,0,1,0.000172414,6,0.000371748,0.001787917,0.002389405,295
수유1동,강북구,,0,1,0.000168612,,0,,0,,0,7,0.000053763,,0,1,0.000135593,,0,,0,9,0.000357968,0.001804861,0.002384053,296
번2동,강북구,1,0.000422535,2,0.000337224,,0,,0,,0,1,0.00000768,,0,,0,,0,,0,4,0.000767439,0.001137998,0.002379714,297
휘경2동,동대문구,,0,,0,,0,,0,,0,7,0.000053763,,0,,0,,0,1,0.000172414,8,0.000226177,0.00198694,0.002352894,298
정릉4동,성북구,,0,,0,,0,,0,,0,2,0.000015361,,0,1,0.000135593,,0,1,0.000172414,4,0.000323368,0.001803212,0.002326421,299
신내2동,중랑구,,0,1,0.000168612,,0,,0,,0,4,0.000030722,,0,1,0.000135593,,0,,0,6,0.000334927,0.001751922,0.002293834,300
방배1동,서초구,,0,,0,,0,,0,,0,,0,,0,1,0.000135593,,0,,0,1,0.000135593,0.002068821,0.00228821,301
번1동,강북구,,0,,0,,0,,0,,0,2,0.000015361,,0,1,0.000135593,1,0.00003876,,0,4,0.000189714,0.001977049,0.002284006,302
삼각산동,강북구,,0,,0,,0,,0,,0,3,0.000023041,,0,,0,,0,,0,3,0.000023041,0.00222489,0.00226217,303
수유2동,강북구,,0,,0,,0,,0,,0,,0,,0,1,0.000135593,1,0.00003876,,0,2,0.000174353,0.001974393,0.002256496,304
고덕1동,강동구,,0,,0,,0,,0,,0,5,0.000038402,,0,,0,,0,,0,5,0.000038402,0.002191551,0.002253685,305
중계본동,노원구,,0,1,0.000168612,,0,,0,,0,5,0.000038402,,0,,0,,0,,0,6,0.000207014,0.001918615,0.002253564,306
상계3.4동,노원구,,0,,0,,0,,0,,0,2,0.000015361,,0,1,0.000135593,,0,,0,3,0.000150954,0.002008647,0.002252891,307
금호1가동,성동구,,0,2,0.000337224,,0,,0,,0,1,0.00000768,,0,1,0.000135593,,0,,0,4,0.000480497,0.001469186,0.00224663,308
구로4동,구로구,,0,2,0.000337224,,0,,0,,0,2,0.000015361,,0,,0,,0,,0,4,0.000352585,0.001670407,0.00224089,309
성수1가2동,성동구,,0,,0,,0,,0,,0,,0,,0,1,0.000135593,,0,,0,1,0.000135593,0.002000221,0.00221961,310
이문2동,동대문구,,0,1,0.000168612,,0,,0,,0,1,0.00000768,,0,1,0.000135593,,0,,0,3,0.000311885,0.001713546,0.002218176,311
금호2.3가동,성동구,,0,,0,,0,,0,,0,1,0.00000768,,0,,0,,0,,0,1,0.00000768,0.002197413,0.002209839,312
삼성동,관악구,,0,,0,,0,,0,,0,5,0.000038402,,0,,0,,0,,0,5,0.000038402,0.002133758,0.002195892,313
일원2동,강남구,,0,2,0.000337224,,0,,0,,0,1,0.00000768,,0,1,0.000135593,,0,,0,4,0.000480497,0.001410935,0.002188379,314
목3동,양천구,,0,,0,,0,,0,,0,1,0.00000768,,0,1,0.000135593,,0,,0,2,0.000143273,0.001954335,0.002186151,315
신월7동,양천구,,0,1,0.000168612,,0,,0,,0,2,0.000015361,,0,,0,,0,,0,3,0.000183973,0.0018774,0.002175068,316
답십리1동,동대문구,,0,,0,,0,,0,,0,3,0.000023041,,0,,0,,0,,0,3,0.000023041,0.002106648,0.002143928,317
문정1동,송파구,,0,,0,,0,,0,,0,2,0.000015361,,0,,0,,0,,0,2,0.000015361,0.002112418,0.002137272,318
보문동,성북구,,0,,0,,0,,0,,0,2,0.000015361,,0,1,0.000135593,1,0.00003876,,0,4,0.000189714,0.001828491,0.002135448,319
남가좌2동,서대문구,,0,,0,,0,,0,,0,2,0.000015361,,0,,0,,0,1,0.000172414,3,0.000187775,0.001830231,0.002134051,320
쌍문4동,도봉구,1,0.000422535,,0,,0,,0,,0,7,0.000053763,,0,,0,,0,,0,8,0.000476298,0.001356897,0.002127547,321
고덕2동,강동구,1,0.000422535,2,0.000337224,,0,,0,,0,4,0.000030722,,0,,0,,0,,0,7,0.000790481,0.000802232,0.00208123,322
보라매동,관악구,,0,,0,,0,,0,,0,3,0.000023041,,0,,0,,0,,0,3,0.000023041,0.002032002,0.002069282,323
개포4동,강남구,,0,1,0.000168612,,0,,0,,0,3,0.000023041,,0,,0,1,0.00003876,,0,5,0.000230413,0.001691015,0.002063823,324
송파2동,송파구,,0,1,0.000168612,,0,,0,,0,6,0.000046083,,0,,0,,0,,0,7,0.000214695,0.001715103,0.00206248,325
면목2동,중랑구,,0,,0,,0,,0,,0,2,0.000015361,,0,,0,,0,,0,2,0.000015361,0.002027423,0.002052277,326
신길6동,영등포구,,0,,0,,0,,0,,0,1,0.00000768,,0,1,0.000135593,,0,,0,2,0.000143273,0.001817958,0.002049774,327
중곡3동,광진구,,0,1,0.000168612,,0,,0,,0,2,0.000015361,,0,1,0.000135593,,0,,0,4,0.000319566,0.001499776,0.002016834,328
성산1동,마포구,,0,,0,,0,,0,,0,5,0.000038402,,0,,0,1,0.00003876,,0,6,0.000077162,0.001885734,0.002010582,329
도림동,영등포구,,0,,0,,0,,0,1,0.000319635,,0,,0,,0,,0,,0,1,0.000319635,0.001470926,0.001988095,330
면목7동,중랑구,,0,1,0.000168612,,0,,0,,0,1,0.00000768,,0,,0,,0,,0,2,0.000176292,0.001702464,0.001987704,331
명일2동,강동구,,0,,0,,0,,0,,0,3,0.000023041,,0,1,0.000135593,,0,,0,4,0.000158634,0.001729483,0.001986153,332
남가좌1동,서대문구,,0,1,0.000168612,,0,,0,,0,1,0.00000768,,0,1,0.000135593,,0,,0,3,0.000311885,0.001477887,0.001982517,333
신길1동,영등포구,,0,,0,,0,,0,,0,2,0.000015361,,0,1,0.000135593,,0,,0,3,0.000150954,0.001730215,0.001974459,334
상계10동,노원구,,0,1,0.000168612,,0,,0,,0,4,0.000030722,,0,,0,,0,,0,5,0.000199334,0.001632215,0.001954737,335
행당2동,성동구,,0,,0,,0,,0,,0,3,0.000023041,,0,1,0.000135593,,0,,0,4,0.000158634,0.001642473,0.001899143,336
난곡동,관악구,,0,,0,,0,,0,,0,3,0.000023041,,0,,0,,0,,0,3,0.000023041,0.001861555,0.001898835,337
휘경1동,동대문구,,0,,0,,0,,0,,0,,0,,0,1,0.000135593,1,0.00003876,,0,2,0.000174353,0.001613164,0.001895267,338
홍제3동,서대문구,,0,,0,,0,,0,,0,3,0.000023041,,0,1,0.000135593,,0,,0,4,0.000158634,0.001632398,0.001889068,339
정릉2동,성북구,,0,,0,,0,,0,,0,2,0.000015361,,0,,0,,0,,0,2,0.000015361,0.001857891,0.001882745,340
묵2동,중랑구,,0,,0,,0,,0,,0,2,0.000015361,,0,,0,,0,,0,2,0.000015361,0.001852487,0.001877341,341
신수동,마포구,,0,,0,,0,,0,,0,4,0.000030722,,0,,0,,0,,0,4,0.000030722,0.001824278,0.001873986,342
다산동,중구,,0,1,0.000168612,,0,,0,,0,4,0.000030722,,0,,0,,0,,0,5,0.000199334,0.001542549,0.001865071,343
서림동,관악구,,0,,0,,0,,0,,0,1,0.00000768,,0,,0,,0,,0,1,0.00000768,0.001836276,0.001848702,344
방이1동,송파구,,0,,0,,0,,0,,0,3,0.000023041,,0,1,0.000135593,,0,,0,4,0.000158634,0.001578177,0.001834847,345
사당5동,동작구,,0,1,0.000168612,,0,,0,1,0.000319635,4,0.000030722,,0,,0,,0,,0,6,0.000518969,0.000970298,0.00180999,346
구로1동,구로구,,0,,0,,0,,0,,0,2,0.000015361,,0,1,0.000135593,,0,,0,3,0.000150954,0.001549693,0.001793937,347
쌍문3동,도봉구,,0,,0,,0,,0,,0,1,0.00000768,,0,1,0.000135593,1,0.00003876,,0,3,0.000182033,0.001493548,0.001788077,348
쌍문2동,도봉구,,0,,0,,0,,0,,0,2,0.000015361,,0,,0,,0,,0,2,0.000015361,0.001762272,0.001787126,349
교남동,종로구,1,0.000422535,1,0.000168612,,0,,0,,0,2,0.000015361,,0,,0,,0,,0,4,0.000606508,0.00079866,0.00177999,350
거여1동,송파구,,0,1,0.000168612,,0,,0,,0,2,0.000015361,,0,1,0.000135593,,0,,0,4,0.000319566,0.001255691,0.001772749,351
금호4가동,성동구,1,0.000422535,,0,,0,,0,,0,2,0.000015361,,0,1,0.000135593,,0,,0,4,0.000573489,0.000836944,0.001764849,352
중화1동,중랑구,,0,,0,,0,,0,,0,5,0.000038402,,0,1,0.000135593,,0,,0,6,0.000173995,0.001474406,0.00175593,353
화곡4동,강서구,,0,,0,,0,,0,,0,4,0.000030722,,0,,0,,0,,0,4,0.000030722,0.001696785,0.001746493,354
시흥3동,금천구,,0,2,0.000337224,,0,,0,,0,5,0.000038402,,0,,0,,0,,0,7,0.000375626,0.001133694,0.001741457,355
하계2동,노원구,,0,,0,,0,,0,,0,3,0.000023041,,0,,0,,0,,0,3,0.000023041,0.001690282,0.001727562,356
상도3동,동작구,,0,,0,,0,,0,,0,1,0.00000768,,0,,0,,0,,0,1,0.00000768,0.001714096,0.001726522,357
일원1동,강남구,,0,,0,,0,,0,,0,3,0.000023041,,0,,0,,0,,0,3,0.000023041,0.00168726,0.00172454,358
수색동,은평구,,0,1,0.000168612,,0,,0,,0,1,0.00000768,,0,1,0.000135593,,0,,0,3,0.000311885,0.001182236,0.001686866,359
창신1동,종로구,,0,1,0.000168612,,0,,0,,0,1,0.00000768,,0,,0,3,0.000116279,,0,5,0.000292571,0.001207057,0.001680437,360
목4동,양천구,,0,,0,,0,,0,,0,3,0.000023041,,0,,0,,0,,0,3,0.000023041,0.00162562,0.0016629,361
장위2동,성북구,,0,,0,,0,,0,,0,1,0.00000768,,0,1,0.000135593,,0,,0,2,0.000143273,0.001429802,0.001661618,362
증산동,은평구,,0,1,0.000168612,,0,,0,,0,3,0.000023041,,0,1,0.000135593,,0,,0,5,0.000327246,0.001132045,0.001661529,363
돈암2동,성북구,,0,2,0.000337224,,0,,0,,0,2,0.000015361,,0,,0,,0,,0,4,0.000352585,0.001090463,0.001660946,364
망원2동,마포구,,0,,0,,0,,0,,0,1,0.00000768,,0,,0,,0,,0,1,0.00000768,0.001647693,0.001660119,365
가양2동,강서구,,0,1,0.000168612,,0,,0,,0,3,0.000023041,,0,,0,,0,,0,4,0.000191653,0.001335282,0.001645377,366
연남동,마포구,,0,,0,,0,,0,,0,3,0.000023041,,0,,0,,0,,0,3,0.000023041,0.001599059,0.001636339,367
장위1동,성북구,,0,,0,,0,,0,,0,2,0.000015361,,0,,0,,0,,0,2,0.000015361,0.001591549,0.001616403,368
상계8동,노원구,,0,,0,,0,,0,,0,4,0.000030722,,0,,0,,0,,0,4,0.000030722,0.001535496,0.001585204,369
신길7동,영등포구,,0,,0,,0,,0,,0,1,0.00000768,,0,1,0.000135593,,0,,0,2,0.000143273,0.001345357,0.001577173,370
응봉동,성동구,,0,,0,,0,,0,,0,2,0.000015361,,0,1,0.000135593,,0,,0,3,0.000150954,0.001320444,0.001564688,371
시흥4동,금천구,,0,1,0.000168612,,0,,0,,0,1,0.00000768,,0,,0,,0,,0,2,0.000176292,0.001277581,0.001562821,372
대림1동,영등포구,,0,1,0.000168612,,0,,0,,0,2,0.000015361,,0,,0,,0,,0,3,0.000183973,0.001264575,0.001562243,373
신정1동,양천구,,0,,0,,0,,0,,0,3,0.000023041,,0,,0,,0,,0,3,0.000023041,0.001508111,0.001545391,374
신원동,관악구,,0,,0,,0,,0,,0,1,0.00000768,,0,,0,,0,,0,1,0.00000768,0.001494189,0.001506615,375
응암2동,은평구,,0,,0,,0,,0,,0,1,0.00000768,,0,,0,,0,,0,1,0.00000768,0.001488053,0.001500479,376
사당4동,동작구,,0,,0,,0,,0,,0,,0,,0,1,0.000135593,,0,,0,1,0.000135593,0.001274283,0.001493672,377
시흥2동,금천구,,0,,0,,0,,0,,0,6,0.000046083,,0,,0,,0,,0,6,0.000046083,0.001403516,0.001478078,378
거여2동,송파구,,0,1,0.000168612,,0,,0,,0,1,0.00000768,,0,,0,,0,,0,2,0.000176292,0.001176099,0.001461339,379
신월2동,양천구,,0,,0,,0,,0,,0,4,0.000030722,,0,,0,,0,,0,4,0.000030722,0.001410477,0.001460185,380
암사3동,강동구,,0,,0,,0,,0,,0,2,0.000015361,,0,,0,,0,,0,2,0.000015361,0.001432183,0.001457037,381
중앙동,관악구,,0,,0,,0,,0,,0,1,0.00000768,,0,,0,,0,,0,1,0.00000768,0.001439419,0.001451845,382
청구동,중구,,0,1,0.000168612,,0,,0,,0,4,0.000030722,,0,,0,,0,,0,5,0.000199334,0.001110705,0.001433227,383
가양3동,강서구,,0,,0,,0,,0,,0,4,0.000030722,,0,,0,,0,,0,4,0.000030722,0.001356714,0.001406422,384
청림동,관악구,,0,,0,,0,,0,1,0.000319635,,0,,0,,0,,0,,0,1,0.000319635,0.00086149,0.001378659,385
신정2동,양천구,,0,,0,,0,,0,,0,3,0.000023041,,0,,0,,0,,0,3,0.000023041,0.00133803,0.00137531,386
독산2동,금천구,,0,,0,,0,,0,,0,2,0.000015361,,0,,0,,0,,0,2,0.000015361,0.00133922,0.001364074,387
보광동,용산구,,0,1,0.000168612,,0,,0,,0,2,0.000015361,,0,,0,,0,,0,3,0.000183973,0.001041188,0.001338856,388
방학2동,도봉구,,0,,0,,0,,0,,0,2,0.000015361,,0,,0,,0,,0,2,0.000015361,0.001308538,0.001333392,389
동화동,중구,,0,1,0.000168612,,0,,0,,0,1,0.00000768,,0,1,0.000135593,,0,,0,3,0.000311885,0.000813131,0.001317761,390
화곡2동,강서구,,0,,0,,0,,0,,0,1,0.00000768,,0,,0,,0,,0,1,0.00000768,0.001290037,0.001302463,391
홍은1동,서대문구,,0,,0,,0,,0,,0,1,0.00000768,,0,,0,,0,,0,1,0.00000768,0.001269063,0.001281489,392
마천1동,송파구,,0,,0,,0,,0,,0,1,0.00000768,,0,1,0.000135593,,0,,0,2,0.000143273,0.001047783,0.001279599,393
잠실7동,송파구,,0,,0,,0,,0,,0,4,0.000030722,,0,1,0.000135593,,0,,0,5,0.000166315,0.001008949,0.001278047,394
신월4동,양천구,,0,,0,,0,,0,,0,1,0.00000768,,0,,0,,0,,0,1,0.00000768,0.001252393,0.001264819,395
망우3동,중랑구,,0,,0,,0,,0,,0,4,0.000030722,,0,,0,,0,,0,4,0.000030722,0.00120898,0.001258688,396
왕십리2동,성동구,,0,,0,,0,,0,,0,1,0.00000768,,0,1,0.000135593,,0,,0,2,0.000143273,0.001017925,0.001249741,397
창3동,도봉구,,0,,0,,0,,0,,0,2,0.000015361,,0,,0,,0,,0,2,0.000015361,0.001184434,0.001209288,398
신당5동,중구,,0,,0,,0,,0,,0,3,0.000023041,,0,,0,,0,,0,3,0.000023041,0.001152286,0.001189566,399
창신2동,종로구,,0,1,0.000168612,,0,,0,,0,,0,,0,,0,,0,,0,1,0.000168612,0.000887684,0.001160498,400
염리동,마포구,,0,,0,,0,,0,,0,5,0.000038402,,0,,0,,0,,0,5,0.000038402,0.000980281,0.001042415,401
신길5동,영등포구,,0,1,0.000168612,,0,,0,,0,1,0.00000768,,0,,0,,0,,0,2,0.000176292,0.000739676,0.001024916,402
장위3동,성북구,,0,,0,,0,,0,,0,3,0.000023041,,0,,0,,0,,0,3,0.000023041,0.000926152,0.000963432,403
가리봉동,구로구,,0,,0,,0,,0,,0,1,0.00000768,,0,,0,,0,,0,1,0.00000768,0.000938975,0.000951401,404
숭인1동,종로구,,0,1,0.000168612,,0,,0,,0,,0,,0,,0,,0,,0,1,0.000168612,0.000676388,0.000949202,405
개포1동,강남구,,0,,0,,0,,0,,0,2,0.000015361,,0,,0,,0,,0,2,0.000015361,0.000886494,0.000911348,406
홍제2동,서대문구,,0,,0,,0,,0,,0,,0,,0,1,0.000135593,,0,,0,1,0.000135593,0.000625922,0.000845311,407
둔촌1동,강동구,,0,,0,,0,,0,,0,2,0.000015361,,0,,0,,0,,0,2,0.000015361,0.000682433,0.000707287,408
창신3동,종로구,,0,,0,,0,,0,,0,2,0.000015361,,0,1,0.000135593,,0,,0,3,0.000150954,0.000406016,0.00065026,409
신월6동,양천구,,0,,0,,0,,0,,0,2,0.000015361,,0,,0,,0,,0,2,0.000015361,0.000556589,0.000581443,410
신길4동,영등포구,,0,,0,,0,,0,,0,1,0.00000768,,0,,0,,0,,0,1,0.00000768,0.000564465,0.000576891,411
,,71,0.03,771,0.13,30,0.5,48,0.05,219,0.07,1302,0.01,129,0.15,295,0.04,258,0.01,58,0.01,3260,1,0.974878498,2.592878498,
