,행정동,구,공원개수,공원개수_w,문화시설개수,문화시설개수_w,한강공원개수,한강공원개수_w,체육시설개수,체육시설개수_w,보행자도로개수,보행자도로개수_w,초중고,초중고_w,관광명소개수,관광명소개수_w,지하철개수,지하철개수_w,호텔개수,호텔개수_w,대학교개수,대학교개수_w,총합,가중치총합
0,가양1동,강서구,2,0.00084507,2,0.000337224,,0,,0,,0,4,0.000030722,1,0.001162791,3,0.000402685,,0,,0,12,0.002778492
1,고덕2동,강동구,1,0.000422535,2,0.000337224,,0,,0,,0,4,0.000030722,,0,,0,,0,,0,7,0.000790482
2,고척2동,구로구,1,0.000422535,2,0.000337224,,0,,0,,0,4,0.000030722,,0,,0,,0,,0,7,0.000790482
3,교남동,종로구,1,0.000422535,1,0.000168612,,0,,0,,0,2,0.000015361,,0,,0,,0,,0,4,0.000606508
4,금호4가동,성동구,1,0.000422535,,0,,0,,0,,0,2,0.000015361,,0,1,0.000134228,,0,,0,4,0.000572124
5,노량진1동,동작구,1,0.000422535,1,0.000168612,,0,,0,4,0.001278539,4,0.000030722,,0,2,0.000268456,,0,,0,12,0.002168865
6,녹번동,은평구,1,0.000422535,6,0.001011673,,0,,0,2,0.000639269,2,0.000015361,,0,2,0.000268456,1,0.00003876,,0,14,0.002396055
7,답십리2동,동대문구,1,0.000422535,2,0.000337224,,0,1,0.001041667,,0,2,0.000015361,,0,,0,,0,,0,6,0.001816787
8,도곡1동,강남구,1,0.000422535,1,0.000168612,,0,,0,,0,2,0.000015361,,0,1,0.000134228,,0,,0,5,0.000740737
9,도곡2동,강남구,1,0.000422535,2,0.000337224,,0,,0,,0,4,0.000030722,,0,1,0.000134228,,0,,0,8,0.00092471
10,돈암1동,성북구,2,0.00084507,,0,,0,,0,,0,4,0.000030722,,0,,0,,0,,0,6,0.000875792
11,둔촌2동,강동구,1,0.000422535,,0,,0,1,0.001041667,,0,5,0.000038402,,0,,0,,0,,0,7,0.001502604
12,등촌1동,강서구,1,0.000422535,,0,,0,,0,,0,1,0.00000768,,0,1,0.000134228,1,0.00003876,,0,4,0.000603204
13,마천2동,송파구,1,0.000422535,,0,,0,,0,2,0.000639269,1,0.00000768,,0,,0,,0,,0,4,0.001069485
14,목2동,양천구,1,0.000422535,,0,,0,,0,4,0.001278539,1,0.00000768,,0,1,0.000134228,,0,,0,7,0.001842983
15,발산1동,강서구,1,0.000422535,,0,,0,,0,,0,14,0.000107527,,0,2,0.000268456,4,0.000155039,,0,21,0.000953557
16,방배2동,서초구,1,0.000422535,,0,,0,,0,2,0.000639269,2,0.000015361,,0,1,0.000134228,,0,,0,6,0.001211394
17,방배3동,서초구,1,0.000422535,,0,,0,,0,,0,1,0.00000768,,0,1,0.000134228,,0,1,0.000172414,4,0.000736858
18,방화3동,강서구,1,0.000422535,1,0.000168612,,0,,0,2,0.000639269,6,0.000046083,,0,1,0.000134228,,0,,0,11,0.001410728
19,번2동,강북구,1,0.000422535,2,0.000337224,,0,,0,,0,1,0.00000768,,0,,0,,0,,0,4,0.00076744
20,불광1동,은평구,1,0.000422535,2,0.000337224,,0,,0,,0,2,0.000015361,,0,1,0.000134228,2,0.000077519,,0,8,0.000986868
21,불광2동,은평구,1,0.000422535,,0,,0,,0,2,0.000639269,7,0.000053763,,0,,0,,0,,0,10,0.001115568
22,사당3동,동작구,1,0.000422535,,0,,0,,0,,0,2,0.000015361,,0,,0,,0,1,0.000172414,4,0.00061031
23,사직동,종로구,2,0.00084507,17,0.002866407,,0,1,0.001041667,,0,3,0.000023041,5,0.005813953,2,0.000268456,,0,,0,30,0.010858596
24,삼양동,강북구,1,0.000422535,1,0.000168612,,0,,0,,0,5,0.000038402,,0,2,0.000268456,,0,,0,9,0.000898006
25,삼청동,종로구,1,0.000422535,15,0.002529183,,0,,0,2,0.000639269,2,0.000015361,1,0.001162791,,0,,0,,0,21,0.004769139
26,상도4동,동작구,1,0.000422535,,0,,0,,0,,0,3,0.000023041,,0,,0,,0,,0,4,0.000445577
27,상일동,강동구,1,0.000422535,1,0.000168612,,0,,0,,0,8,0.000061444,,0,1,0.000134228,,0,,0,11,0.00078682
28,서원동,관악구,1,0.000422535,,0,,0,,0,4,0.001278539,1,0.00000768,,0,,0,,0,,0,6,0.001708755
29,석관동,성북구,1,0.000422535,,0,,0,,0,,0,3,0.000023041,,0,1,0.000134228,,0,1,0.000172414,6,0.000752219
30,세곡동,강남구,2,0.00084507,3,0.000505837,,0,,0,,0,4,0.000030722,,0,,0,,0,,0,9,0.001381629
31,수궁동,구로구,1,0.000422535,1,0.000168612,,0,,0,,0,8,0.000061444,1,0.001162791,1,0.000134228,,0,,0,12,0.00194961
32,신사1동,은평구,1,0.000422535,,0,,0,,0,,0,1,0.00000768,,0,1,0.000134228,,0,1,0.000172414,4,0.000736858
33,신사2동,은평구,1,0.000422535,,0,,0,,0,,0,5,0.000038402,,0,1,0.000134228,,0,,0,7,0.000595166
34,신정3동,양천구,2,0.00084507,1,0.000168612,,0,,0,4,0.001278539,8,0.000061444,,0,1,0.000134228,,0,,0,16,0.002487894
35,신정7동,양천구,1,0.000422535,,0,,0,,0,2,0.000639269,4,0.000030722,,0,1,0.000134228,,0,,0,8,0.001226755
36,쌍문4동,도봉구,1,0.000422535,,0,,0,,0,,0,7,0.000053763,,0,,0,,0,,0,8,0.000476299
37,약수동,중구,1,0.000422535,1,0.000168612,,0,,0,,0,,0,,0,2,0.000268456,,0,,0,4,0.000859604
38,양재1동,서초구,1,0.000422535,5,0.000843061,,0,,0,,0,5,0.000038402,,0,1,0.000134228,,0,,0,12,0.001438227
39,연희동,서대문구,2,0.00084507,3,0.000505837,,0,,0,,0,3,0.000023041,,0,,0,,0,,0,8,0.001373948
40,오금동,송파구,1,0.000422535,1,0.000168612,,0,,0,,0,9,0.000069124,,0,1,0.000134228,,0,,0,12,0.0007945
41,오류1동,구로구,1,0.000422535,2,0.000337224,,0,,0,2,0.000639269,1,0.00000768,,0,,0,1,0.00003876,,0,7,0.001445469
42,오류2동,구로구,1,0.000422535,1,0.000168612,,0,,0,,0,9,0.000069124,,0,2,0.000268456,,0,1,0.000172414,14,0.001101142
43,용강동,마포구,1,0.000422535,,0,,0,,0,,0,1,0.00000768,,0,,0,,0,,0,2,0.000430216
44,용산2가동,용산구,1,0.000422535,3,0.000505837,,0,,0,,0,4,0.000030722,2,0.002325581,1,0.000134228,,0,,0,11,0.003418903
45,월곡1동,성북구,1,0.000422535,1,0.000168612,,0,,0,,0,4,0.000030722,,0,,0,,0,,0,6,0.000621869
46,일원본동,강남구,1,0.000422535,2,0.000337224,,0,,0,,0,5,0.000038402,,0,1,0.000134228,,0,,0,9,0.00093239
47,잠실6동,송파구,1,0.000422535,2,0.000337224,6,0.027522936,,0,,0,2,0.000015361,2,0.002325581,1,0.000134228,,0,,0,14,0.030757866
48,장지동,송파구,1,0.000422535,,0,,0,,0,,0,7,0.000053763,,0,,0,,0,,0,8,0.000476299
49,전농2동,동대문구,1,0.000422535,1,0.000168612,,0,,0,,0,8,0.000061444,,0,,0,,0,1,0.000172414,11,0.000825005
50,종로1.2.3.4가동,종로구,1,0.000422535,50,0.00843061,,0,,0,6,0.001917808,2,0.000015361,13,0.015116279,3,0.000402685,22,0.000852713,,0,97,0.027157991
51,중곡4동,광진구,1,0.000422535,,0,,0,,0,,0,6,0.000046083,,0,,0,,0,,0,7,0.000468618
52,진관동,은평구,4,0.001690141,6,0.001011673,,0,2,0.002083333,,0,11,0.000084485,1,0.001162791,1,0.000134228,,0,,0,25,0.006166652
53,창1동,도봉구,1,0.000422535,2,0.000337224,,0,,0,,0,4,0.000030722,,0,,0,,0,,0,7,0.000790482
54,천연동,서대문구,1,0.000422535,2,0.000337224,,0,,0,,0,3,0.000023041,2,0.002325581,,0,,0,,0,8,0.003108382
55,청량리동,동대문구,2,0.00084507,2,0.000337224,,0,,0,,0,3,0.000023041,2,0.002325581,,0,1,0.00003876,,0,10,0.003569677
56,혜화동,종로구,1,0.000422535,13,0.002191958,,0,,0,4,0.001278539,6,0.000046083,1,0.001162791,,0,,0,2,0.000344828,27,0.005446734
57,홍은2동,서대문구,2,0.00084507,2,0.000337224,,0,1,0.001041667,2,0.000639269,5,0.000038402,,0,,0,1,0.00003876,1,0.000172414,14,0.003112807
58,화곡본동,강서구,1,0.000422535,1,0.000168612,,0,,0,,0,2,0.000015361,,0,,0,,0,,0,4,0.000606508
59,흑석동,동작구,1,0.000422535,1,0.000168612,,0,,0,2,0.000639269,4,0.000030722,,0,1,0.000134228,,0,2,0.000344828,11,0.001740195
60,가락1동,송파구,,0,1,0.000168612,,0,,0,,0,,0,1,0.001162791,2,0.000268456,,0,,0,4,0.001599859
61,가산동,금천구,,0,2,0.000337224,,0,,0,,0,,0,,0,2,0.000268456,1,0.00003876,,0,5,0.00064444
62,가양2동,강서구,,0,1,0.000168612,,0,,0,,0,3,0.000023041,,0,,0,,0,,0,4,0.000191654
63,가회동,종로구,,0,7,0.001180285,,0,,0,,0,4,0.000030722,3,0.003488372,,0,,0,,0,14,0.004699379
64,강일동,강동구,,0,1,0.000168612,,0,,0,,0,4,0.000030722,,0,,0,,0,,0,5,0.000199334
65,개봉1동,구로구,,0,2,0.000337224,,0,,0,2,0.000639269,3,0.000023041,,0,1,0.000134228,,0,,0,8,0.001133763
66,개봉3동,구로구,,0,1,0.000168612,,0,,0,2,0.000639269,4,0.000030722,,0,,0,,0,,0,7,0.000838604
67,개포2동,강남구,,0,3,0.000505837,,0,,0,,0,6,0.000046083,,0,3,0.000402685,,0,,0,12,0.000954604
68,개포4동,강남구,,0,1,0.000168612,,0,,0,,0,3,0.000023041,,0,,0,1,0.00003876,,0,5,0.000230413
69,거여1동,송파구,,0,1,0.000168612,,0,,0,,0,2,0.000015361,,0,1,0.000134228,,0,,0,4,0.000318201
70,거여2동,송파구,,0,1,0.000168612,,0,,0,,0,1,0.00000768,,0,,0,,0,,0,2,0.000176293
71,공릉1동,노원구,,0,1,0.000168612,,0,,0,,0,3,0.000023041,1,0.001162791,2,0.000268456,,0,,0,7,0.001622901
72,공릉2동,노원구,,0,2,0.000337224,,0,1,0.001041667,,0,10,0.000076805,1,0.001162791,1,0.000134228,,0,2,0.000344828,17,0.003097542
73,광장동,광진구,,0,5,0.000843061,,0,,0,,0,7,0.000053763,1,0.001162791,1,0.000134228,2,0.000077519,1,0.000172414,17,0.002443776
74,광희동,중구,,0,5,0.000843061,,0,,0,,0,2,0.000015361,1,0.001162791,1,0.000134228,8,0.000310078,,0,17,0.002465518
75,구로2동,구로구,,0,2,0.000337224,,0,,0,,0,2,0.000015361,,0,,0,,0,,0,4,0.000352585
76,구로3동,구로구,,0,1,0.000168612,,0,,0,3,0.000958904,3,0.000023041,,0,2,0.000268456,2,0.000077519,,0,11,0.001496534
77,구로4동,구로구,,0,2,0.000337224,,0,,0,,0,2,0.000015361,,0,,0,,0,,0,4,0.000352585
78,구로5동,구로구,,0,6,0.001011673,,0,,0,2,0.000639269,4,0.000030722,,0,1,0.000134228,,0,,0,13,0.001815893
79,구산동,은평구,,0,2,0.000337224,,0,,0,,0,10,0.000076805,,0,,0,,0,,0,12,0.000414029
80,구의2동,광진구,,0,1,0.000168612,,0,1,0.001041667,2,0.000639269,2,0.000015361,,0,1,0.000134228,,0,,0,7,0.001999137
81,구의3동,광진구,,0,2,0.000337224,,0,,0,,0,2,0.000015361,,0,1,0.000134228,1,0.00003876,,0,6,0.000525573
82,군자동,광진구,,0,3,0.000505837,,0,,0,,0,2,0.000015361,,0,,0,1,0.00003876,1,0.000172414,7,0.000732371
83,금호1가동,성동구,,0,2,0.000337224,,0,,0,,0,1,0.00000768,,0,1,0.000134228,,0,,0,4,0.000479133
84,길동,강동구,,0,1,0.000168612,,0,,0,,0,4,0.000030722,,0,1,0.000134228,2,0.000077519,,0,8,0.000411082
85,낙성대동,관악구,,0,1,0.000168612,,0,2,0.002083333,8,0.002557078,1,0.00000768,2,0.002325581,,0,,0,,0,14,0.007142285
86,남가좌1동,서대문구,,0,1,0.000168612,,0,,0,,0,1,0.00000768,,0,1,0.000134228,,0,,0,3,0.000310521
87,남영동,용산구,,0,7,0.001180285,,0,,0,,0,,0,1,0.001162791,2,0.000268456,3,0.000116279,,0,13,0.002727811
88,남현동,관악구,,0,1,0.000168612,,0,,0,,0,1,0.00000768,,0,1,0.000134228,,0,,0,3,0.000310521
89,내곡동,서초구,,0,3,0.000505837,,0,,0,,0,2,0.000015361,,0,1,0.000134228,,0,,0,6,0.000655426
90,노량진2동,동작구,,0,2,0.000337224,,0,,0,,0,,0,1,0.001162791,,0,,0,,0,3,0.001500015
91,논현1동,강남구,,0,2,0.000337224,,0,,0,1,0.000319635,,0,,0,2,0.000268456,7,0.000271318,,0,12,0.001196633
92,논현2동,강남구,,0,4,0.000674449,,0,,0,,0,2,0.000015361,,0,3,0.000402685,2,0.000077519,1,0.000172414,12,0.001342427
93,능동,광진구,,0,6,0.001011673,,0,2,0.002083333,,0,3,0.000023041,1,0.001162791,2,0.000268456,,0,,0,14,0.004549295
94,다산동,중구,,0,1,0.000168612,,0,,0,,0,4,0.000030722,,0,,0,,0,,0,5,0.000199334
95,당산1동,영등포구,,0,2,0.000337224,,0,,0,,0,,0,,0,1,0.000134228,,0,,0,3,0.000471453
96,당산2동,영등포구,,0,1,0.000168612,12,0.055045872,,0,,0,4,0.000030722,1,0.001162791,1,0.000134228,2,0.000077519,,0,21,0.056619744
97,대림1동,영등포구,,0,1,0.000168612,,0,,0,,0,2,0.000015361,,0,,0,,0,,0,3,0.000183973
98,대림3동,영등포구,,0,1,0.000168612,,0,,0,,0,18,0.000138249,,0,1,0.000134228,,0,,0,20,0.000441089
99,대방동,동작구,,0,2,0.000337224,,0,,0,2,0.000639269,13,0.000099846,,0,2,0.000268456,,0,,0,19,0.001344797
100,대조동,은평구,,0,2,0.000337224,,0,,0,2,0.000639269,3,0.000023041,,0,1,0.000134228,,0,,0,8,0.001133763
101,대치1동,강남구,,0,1,0.000168612,,0,,0,,0,4,0.000030722,,0,,0,,0,,0,5,0.000199334
102,대치2동,강남구,,0,10,0.001686122,,0,,0,,0,3,0.000023041,,0,3,0.000402685,1,0.00003876,,0,17,0.002150608
103,대치4동,강남구,,0,2,0.000337224,,0,,0,,0,1,0.00000768,,0,,0,2,0.000077519,,0,5,0.000422424
104,대학동,관악구,,0,5,0.000843061,,0,,0,,0,6,0.000046083,1,0.001162791,,0,,0,1,0.000172414,13,0.002224348
105,대흥동,마포구,,0,6,0.001011673,,0,,0,,0,5,0.000038402,,0,3,0.000402685,,0,1,0.000172414,15,0.001625174
106,도봉2동,도봉구,,0,3,0.000505837,,0,,0,,0,3,0.000023041,,0,2,0.000268456,,0,,0,8,0.000797334
107,독산1동,금천구,,0,3,0.000505837,,0,1,0.001041667,2,0.000639269,6,0.000046083,,0,,0,1,0.00003876,,0,13,0.002271615
108,독산3동,금천구,,0,2,0.000337224,,0,,0,,0,4,0.000030722,,0,,0,,0,,0,6,0.000367946
109,독산4동,금천구,,0,2,0.000337224,,0,,0,2,0.000639269,1,0.00000768,,0,,0,1,0.00003876,,0,6,0.001022934
110,돈암2동,성북구,,0,2,0.000337224,,0,,0,,0,2,0.000015361,,0,,0,,0,,0,4,0.000352585
111,동화동,중구,,0,1,0.000168612,,0,,0,,0,1,0.00000768,,0,1,0.000134228,,0,,0,3,0.000310521
112,등촌2동,강서구,,0,3,0.000505837,,0,,0,,0,6,0.000046083,,0,,0,1,0.00003876,,0,10,0.000590679
113,등촌3동,강서구,,0,1,0.000168612,,0,,0,,0,10,0.000076805,,0,1,0.000134228,1,0.00003876,,0,13,0.000418405
114,마장동,성동구,,0,1,0.000168612,,0,,0,,0,4,0.000030722,,0,1,0.000134228,,0,,0,6,0.000333562
115,망우본동,중랑구,,0,1,0.000168612,,0,1,0.001041667,,0,13,0.000099846,,0,2,0.000268456,,0,,0,17,0.001578582
116,면목4동,중랑구,,0,2,0.000337224,,0,1,0.001041667,,0,2,0.000015361,,0,1,0.000134228,,0,,0,6,0.00152848
117,면목7동,중랑구,,0,1,0.000168612,,0,,0,,0,1,0.00000768,,0,,0,,0,,0,2,0.000176293
118,면목본동,중랑구,,0,1,0.000168612,,0,,0,,0,2,0.000015361,1,0.001162791,1,0.000134228,,0,,0,5,0.001480992
119,명동,중구,,0,21,0.003540856,,0,,0,12,0.003835616,2,0.000015361,2,0.002325581,2,0.000268456,18,0.000697674,,0,57,0.010683546
120,목1동,양천구,,0,5,0.000843061,,0,5,0.005208333,2,0.000639269,3,0.000023041,,0,2,0.000268456,,0,,0,17,0.006982162
121,목5동,양천구,,0,1,0.000168612,,0,,0,2,0.000639269,7,0.000053763,,0,1,0.000134228,,0,,0,11,0.000995873
122,묵1동,중랑구,,0,2,0.000337224,,0,,0,,0,5,0.000038402,,0,1,0.000134228,,0,,0,8,0.000509855
123,문래동,영등포구,,0,5,0.000843061,,0,,0,8,0.002557078,5,0.000038402,1,0.001162791,1,0.000134228,,0,,0,20,0.00473556
124,미성동,관악구,,0,2,0.000337224,,0,,0,,0,8,0.000061444,,0,,0,,0,,0,10,0.000398668
125,반포1동,서초구,,0,3,0.000505837,,0,,0,,0,1,0.00000768,,0,2,0.000268456,,0,,0,6,0.000781973
126,반포2동,서초구,,0,3,0.000505837,12,0.055045872,2,0.002083333,,0,2,0.000015361,1,0.001162791,1,0.000134228,,0,,0,21,0.058947421
127,반포4동,서초구,,0,1,0.000168612,,0,,0,,0,14,0.000107527,,0,1,0.000134228,2,0.000077519,1,0.000172414,19,0.0006603
128,방이2동,송파구,,0,1,0.000168612,,0,,0,,0,1,0.00000768,,0,1,0.000134228,1,0.00003876,,0,4,0.000349281
129,번3동,강북구,,0,2,0.000337224,,0,,0,,0,2,0.000015361,1,0.001162791,,0,,0,,0,5,0.001515376
130,보광동,용산구,,0,1,0.000168612,,0,,0,,0,2,0.000015361,,0,,0,,0,,0,3,0.000183973
131,부암동,종로구,,0,6,0.001011673,,0,,0,,0,4,0.000030722,3,0.003488372,,0,,0,1,0.000172414,14,0.004703181
132,사근동,성동구,,0,1,0.000168612,,0,,0,,0,5,0.000038402,,0,2,0.000268456,,0,2,0.000344828,10,0.000820299
133,사당5동,동작구,,0,1,0.000168612,,0,,0,1,0.000319635,4,0.000030722,,0,,0,,0,,0,6,0.000518969
134,삼성1동,강남구,,0,6,0.001011673,,0,,0,,0,3,0.000023041,2,0.002325581,2,0.000268456,3,0.000116279,,0,16,0.003745031
135,삼성2동,강남구,,0,3,0.000505837,,0,,0,,0,1,0.00000768,1,0.001162791,1,0.000134228,4,0.000155039,,0,10,0.001965575
136,상계10동,노원구,,0,1,0.000168612,,0,,0,,0,4,0.000030722,,0,,0,,0,,0,5,0.000199334
137,상계2동,노원구,,0,2,0.000337224,,0,,0,2,0.000639269,2,0.000015361,,0,1,0.000134228,,0,,0,7,0.001126083
138,상계6.7동,노원구,,0,4,0.000674449,,0,,0,,0,6,0.000046083,,0,,0,1,0.00003876,1,0.000172414,12,0.000931705
139,상도2동,동작구,,0,1,0.000168612,,0,,0,,0,2,0.000015361,,0,1,0.000134228,,0,,0,4,0.000318201
140,상봉1동,중랑구,,0,1,0.000168612,,0,,0,,0,4,0.000030722,,0,2,0.000268456,,0,,0,7,0.000467791
141,상봉2동,중랑구,,0,1,0.000168612,,0,,0,,0,,0,,0,,0,2,0.000077519,,0,3,0.000246132
142,상암동,마포구,,0,5,0.000843061,,0,1,0.001041667,,0,5,0.000038402,1,0.001162791,1,0.000134228,1,0.00003876,,0,14,0.003258909
143,서강동,마포구,,0,3,0.000505837,,0,,0,,0,1,0.00000768,,0,2,0.000268456,,0,1,0.000172414,7,0.000954387
144,서교동,마포구,,0,9,0.00151751,,0,,0,,0,1,0.00000768,1,0.001162791,2,0.000268456,7,0.000271318,,0,20,0.003227755
145,서빙고동,용산구,,0,5,0.000843061,2,0.009174312,,0,,0,2,0.000015361,1,0.001162791,1,0.000134228,,0,,0,11,0.011329753
146,서초1동,서초구,,0,1,0.000168612,,0,,0,,0,2,0.000015361,,0,1,0.000134228,2,0.000077519,1,0.000172414,7,0.000568135
147,서초2동,서초구,,0,3,0.000505837,,0,1,0.001041667,,0,2,0.000015361,,0,1,0.000134228,,0,,0,7,0.001697092
148,서초3동,서초구,,0,9,0.00151751,,0,,0,,0,5,0.000038402,1,0.001162791,2,0.000268456,3,0.000116279,,0,20,0.003103438
149,서초4동,서초구,,0,1,0.000168612,,0,,0,4,0.001278539,3,0.000023041,,0,,0,,0,,0,8,0.001470192
150,성내1동,강동구,,0,2,0.000337224,,0,,0,,0,2,0.000015361,,0,1,0.000134228,,0,,0,5,0.000486814
151,성내3동,강동구,,0,1,0.000168612,,0,,0,,0,,0,,0,1,0.000134228,1,0.00003876,,0,3,0.0003416
152,성북동,성북구,,0,7,0.001180285,,0,,0,,0,17,0.000130568,3,0.003488372,,0,,0,,0,27,0.004799226
153,성산2동,마포구,,0,2,0.000337224,,0,,0,,0,5,0.000038402,1,0.001162791,2,0.000268456,,0,,0,10,0.001806874
154,성수1가1동,성동구,,0,3,0.000505837,,0,,0,,0,7,0.000053763,1,0.001162791,1,0.000134228,,0,,0,12,0.001856619
155,소공동,중구,,0,18,0.003035019,,0,,0,,0,5,0.000038402,5,0.005813953,1,0.000134228,7,0.000271318,,0,36,0.009292921
156,송중동,강북구,,0,2,0.000337224,,0,,0,,0,3,0.000023041,,0,1,0.000134228,1,0.00003876,,0,7,0.000533254
157,송천동,강북구,,0,1,0.000168612,,0,,0,,0,6,0.000046083,,0,1,0.000134228,,0,,0,8,0.000348923
158,송파2동,송파구,,0,1,0.000168612,,0,,0,,0,6,0.000046083,,0,,0,,0,,0,7,0.000214695
159,수색동,은평구,,0,1,0.000168612,,0,,0,,0,1,0.00000768,,0,1,0.000134228,,0,,0,3,0.000310521
160,수서동,강남구,,0,1,0.000168612,,0,,0,,0,3,0.000023041,,0,1,0.000134228,,0,,0,5,0.000325882
161,수유1동,강북구,,0,1,0.000168612,,0,,0,,0,7,0.000053763,,0,1,0.000134228,,0,,0,9,0.000356604
162,수유3동,강북구,,0,1,0.000168612,,0,,0,,0,1,0.00000768,,0,,0,,0,,0,2,0.000176293
163,숭인1동,종로구,,0,1,0.000168612,,0,,0,,0,,0,,0,,0,,0,,0,1,0.000168612
164,숭인2동,종로구,,0,2,0.000337224,,0,,0,2,0.000639269,3,0.000023041,,0,1,0.000134228,1,0.00003876,,0,9,0.001172523
165,시흥1동,금천구,,0,3,0.000505837,,0,,0,2,0.000639269,4,0.000030722,,0,1,0.000134228,,0,,0,10,0.001310056
166,시흥3동,금천구,,0,2,0.000337224,,0,,0,,0,5,0.000038402,,0,,0,,0,,0,7,0.000375627
167,시흥4동,금천구,,0,1,0.000168612,,0,,0,,0,1,0.00000768,,0,,0,,0,,0,2,0.000176293
168,시흥5동,금천구,,0,1,0.000168612,,0,,0,2,0.000639269,2,0.000015361,,0,,0,,0,,0,5,0.000823243
169,신길5동,영등포구,,0,1,0.000168612,,0,,0,,0,1,0.00000768,,0,,0,,0,,0,2,0.000176293
170,신내2동,중랑구,,0,1,0.000168612,,0,,0,,0,4,0.000030722,,0,1,0.000134228,,0,,0,6,0.000333562
171,신당동,중구,,0,2,0.000337224,,0,,0,,0,4,0.000030722,1,0.001162791,1,0.000134228,,0,,0,8,0.001664965
172,신도림동,구로구,,0,1,0.000168612,,0,,0,,0,3,0.000023041,1,0.001162791,2,0.000268456,1,0.00003876,,0,8,0.00166166
173,신림동,관악구,,0,1,0.000168612,,0,,0,2,0.000639269,,0,1,0.001162791,1,0.000134228,2,0.000077519,,0,7,0.00218242
174,신사동,강남구,,0,4,0.000674449,4,0.018348624,,0,,0,3,0.000023041,1,0.001162791,2,0.000268456,2,0.000077519,,0,16,0.020554881
175,신월7동,양천구,,0,1,0.000168612,,0,,0,,0,2,0.000015361,,0,,0,,0,,0,3,0.000183973
176,신정6동,양천구,,0,4,0.000674449,,0,,0,,0,2,0.000015361,,0,,0,,0,,0,6,0.00068981
177,신촌동,서대문구,,0,7,0.001180285,,0,,0,12,0.003835616,6,0.000046083,1,0.001162791,2,0.000268456,1,0.00003876,2,0.000344828,31,0.006876819
178,쌍문1동,도봉구,,0,3,0.000505837,,0,,0,,0,4,0.000030722,,0,,0,,0,1,0.000172414,8,0.000708972
179,아현동,마포구,,0,1,0.000168612,,0,,0,,0,4,0.000030722,,0,2,0.000268456,1,0.00003876,,0,8,0.00050655
180,안암동,성북구,,0,1,0.000168612,,0,,0,,0,3,0.000023041,,0,1,0.000134228,,0,1,0.000172414,6,0.000498296
181,암사1동,강동구,,0,1,0.000168612,,0,,0,,0,1,0.00000768,,0,,0,,0,,0,2,0.000176293
182,암사2동,강동구,,0,3,0.000505837,,0,1,0.001041667,,0,2,0.000015361,1,0.001162791,1,0.000134228,,0,,0,8,0.002859883
183,압구정동,강남구,,0,6,0.001011673,,0,,0,,0,5,0.000038402,,0,1,0.000134228,2,0.000077519,,0,14,0.001261823
184,양재2동,서초구,,0,1,0.000168612,,0,1,0.001041667,,0,2,0.000015361,1,0.001162791,1,0.000134228,1,0.00003876,,0,7,0.002561418
185,여의동,영등포구,,0,5,0.000843061,,0,1,0.001041667,,0,6,0.000046083,3,0.003488372,4,0.000536913,5,0.000193798,,0,24,0.006149894
186,역삼1동,강남구,,0,13,0.002191958,,0,,0,1,0.000319635,1,0.00000768,,0,3,0.000402685,12,0.000465116,,0,30,0.003387075
187,역삼2동,강남구,,0,1,0.000168612,,0,,0,,0,4,0.000030722,,0,2,0.000268456,1,0.00003876,,0,8,0.00050655
188,역촌동,은평구,,0,2,0.000337224,,0,,0,,0,1,0.00000768,,0,,0,,0,,0,3,0.000344905
189,염창동,강서구,,0,1,0.000168612,,0,,0,4,0.001278539,5,0.000038402,,0,,0,3,0.000116279,,0,13,0.001601833
190,영등포본동,영등포구,,0,1,0.000168612,,0,,0,,0,4,0.000030722,,0,1,0.000134228,,0,,0,6,0.000333562
191,오륜동,송파구,,0,10,0.001686122,,0,,0,,0,7,0.000053763,1,0.001162791,1,0.000134228,,0,1,0.000172414,20,0.003209318
192,용답동,성동구,,0,1,0.000168612,,0,,0,,0,1,0.00000768,,0,3,0.000402685,1,0.00003876,,0,6,0.000617737
193,용문동,용산구,,0,1,0.000168612,,0,,0,,0,,0,1,0.001162791,,0,,0,,0,2,0.001331403
194,용신동,동대문구,,0,6,0.001011673,,0,,0,,0,3,0.000023041,,0,3,0.000402685,3,0.000116279,,0,15,0.001553678
195,우이동,강북구,,0,1,0.000168612,,0,,0,,0,1,0.00000768,,0,3,0.000402685,,0,,0,5,0.000578977
196,우장산동,강서구,,0,2,0.000337224,,0,,0,4,0.001278539,2,0.000015361,,0,,0,,0,,0,8,0.001631124
197,원효로1동,용산구,,0,5,0.000843061,,0,,0,,0,,0,,0,,0,,0,,0,5,0.000843061
198,원효로2동,용산구,,0,2,0.000337224,,0,,0,,0,3,0.000023041,1,0.001162791,,0,,0,,0,6,0.001523057
199,월계1동,노원구,,0,1,0.000168612,,0,,0,,0,3,0.000023041,,0,1,0.000134228,,0,1,0.000172414,6,0.000498296
200,월계2동,노원구,,0,1,0.000168612,,0,,0,2,0.000639269,9,0.000069124,,0,1,0.000134228,,0,1,0.000172414,14,0.001183648
201,월곡2동,성북구,,0,2,0.000337224,,0,,0,,0,2,0.000015361,,0,2,0.000268456,,0,1,0.000172414,7,0.000793456
202,을지로동,중구,,0,2,0.000337224,,0,,0,,0,1,0.00000768,,0,2,0.000268456,4,0.000155039,,0,9,0.0007684
203,응암1동,은평구,,0,1,0.000168612,,0,,0,,0,3,0.000023041,,0,,0,1,0.00003876,,0,5,0.000230413
204,응암3동,은평구,,0,1,0.000168612,,0,,0,,0,5,0.000038402,,0,,0,,0,,0,6,0.000207015
205,이문1동,동대문구,,0,2,0.000337224,,0,,0,,0,2,0.000015361,,0,1,0.000134228,,0,2,0.000344828,7,0.000831641
206,이문2동,동대문구,,0,1,0.000168612,,0,,0,,0,1,0.00000768,,0,1,0.000134228,,0,,0,3,0.000310521
207,이촌1동,용산구,,0,2,0.000337224,2,0.009174312,1,0.001041667,,0,2,0.000015361,,0,,0,,0,,0,7,0.010568564
208,이촌2동,용산구,,0,1,0.000168612,,0,,0,,0,,0,1,0.001162791,,0,,0,,0,2,0.001331403
209,이태원1동,용산구,,0,3,0.000505837,,0,,0,,0,1,0.00000768,2,0.002325581,1,0.000134228,4,0.000155039,,0,11,0.003128365
210,이태원2동,용산구,,0,3,0.000505837,,0,,0,,0,1,0.00000768,1,0.001162791,,0,,0,,0,5,0.001676308
211,이화동,종로구,,0,21,0.003540856,,0,,0,4,0.001278539,2,0.000015361,3,0.003488372,1,0.000134228,,0,1,0.000172414,32,0.00862977
212,인수동,강북구,,0,2,0.000337224,,0,,0,,0,3,0.000023041,,0,,0,1,0.00003876,,0,6,0.000399026
213,일원2동,강남구,,0,2,0.000337224,,0,,0,,0,1,0.00000768,,0,1,0.000134228,,0,,0,4,0.000479133
214,자양1동,광진구,,0,1,0.000168612,,0,,0,,0,1,0.00000768,,0,,0,,0,,0,2,0.000176293
215,자양3동,광진구,,0,2,0.000337224,9,0.041284404,1,0.001041667,2,0.000639269,4,0.000030722,1,0.001162791,1,0.000134228,1,0.00003876,,0,21,0.044669065
216,자양4동,광진구,,0,3,0.000505837,5,0.02293578,,0,,0,1,0.00000768,,0,,0,,0,,0,9,0.023449297
217,잠실2동,송파구,,0,2,0.000337224,4,0.018348624,5,0.005208333,,0,6,0.000046083,1,0.001162791,1,0.000134228,,0,,0,19,0.025237283
218,잠실3동,송파구,,0,8,0.001348898,2,0.009174312,,0,,0,4,0.000030722,2,0.002325581,,0,1,0.00003876,,0,17,0.012918273
219,잠실본동,송파구,,0,1,0.000168612,,0,4,0.004166667,,0,1,0.00000768,1,0.001162791,,0,2,0.000077519,,0,9,0.005583269
220,잠원동,서초구,,0,1,0.000168612,6,0.027522936,,0,,0,2,0.000015361,,0,1,0.000134228,2,0.000077519,,0,12,0.027918657
221,장안1동,동대문구,,0,2,0.000337224,,0,,0,,0,3,0.000023041,,0,,0,3,0.000116279,,0,8,0.000476545
222,장충동,중구,,0,8,0.001348898,,0,1,0.001041667,,0,1,0.00000768,1,0.001162791,1,0.000134228,4,0.000155039,1,0.000172414,17,0.004022716
223,전농1동,동대문구,,0,1,0.000168612,,0,,0,,0,2,0.000015361,,0,1,0.000134228,2,0.000077519,,0,6,0.000395721
224,정릉1동,성북구,,0,1,0.000168612,,0,,0,,0,1,0.00000768,1,0.001162791,1,0.000134228,,0,,0,4,0.001473312
225,정릉3동,성북구,,0,1,0.000168612,,0,,0,,0,4,0.000030722,,0,,0,,0,1,0.000172414,6,0.000371748
226,제기동,동대문구,,0,2,0.000337224,,0,,0,,0,5,0.000038402,,0,1,0.000134228,,0,,0,8,0.000509855
227,종로5.6가동,종로구,,0,2,0.000337224,,0,,0,,0,1,0.00000768,1,0.001162791,2,0.000268456,2,0.000077519,,0,8,0.001853671
228,종암동,성북구,,0,3,0.000505837,,0,,0,,0,4,0.000030722,,0,,0,1,0.00003876,,0,8,0.000575318
229,중계1동,노원구,,0,1,0.000168612,,0,1,0.001041667,1,0.000319635,5,0.000038402,,0,,0,,0,,0,8,0.001568316
230,중계2.3동,노원구,,0,2,0.000337224,,0,,0,,0,9,0.000069124,1,0.001162791,1,0.000134228,,0,,0,13,0.001703368
231,중계4동,노원구,,0,1,0.000168612,,0,,0,1,0.000319635,6,0.000046083,,0,,0,,0,,0,8,0.00053433
232,중계본동,노원구,,0,1,0.000168612,,0,,0,,0,5,0.000038402,,0,,0,,0,,0,6,0.000207015
233,중곡3동,광진구,,0,1,0.000168612,,0,,0,,0,2,0.000015361,,0,1,0.000134228,,0,,0,4,0.000318201
234,중림동,중구,,0,4,0.000674449,,0,1,0.001041667,,0,4,0.000030722,1,0.001162791,1,0.000134228,,0,,0,11,0.003043856
235,증산동,은평구,,0,1,0.000168612,,0,,0,,0,3,0.000023041,,0,1,0.000134228,,0,,0,5,0.000325882
236,창4동,도봉구,,0,3,0.000505837,,0,1,0.001041667,,0,5,0.000038402,,0,2,0.000268456,,0,,0,11,0.001854362
237,창5동,도봉구,,0,2,0.000337224,,0,,0,,0,3,0.000023041,,0,,0,,0,,0,5,0.000360266
238,창신1동,종로구,,0,1,0.000168612,,0,,0,,0,1,0.00000768,,0,,0,3,0.000116279,,0,5,0.000292572
239,창신2동,종로구,,0,1,0.000168612,,0,,0,,0,,0,,0,,0,,0,,0,1,0.000168612
240,천호1동,강동구,,0,2,0.000337224,,0,,0,,0,4,0.000030722,,0,1,0.000134228,,0,,0,7,0.000502175
241,천호2동,강동구,,0,2,0.000337224,1,0.004587156,,0,,0,2,0.000015361,,0,,0,1,0.00003876,,0,6,0.004978501
242,천호3동,강동구,,0,1,0.000168612,,0,,0,,0,1,0.00000768,,0,,0,,0,,0,2,0.000176293
243,청구동,중구,,0,1,0.000168612,,0,,0,,0,4,0.000030722,,0,,0,,0,,0,5,0.000199334
244,청담동,강남구,,0,5,0.000843061,,0,,0,,0,3,0.000023041,,0,,0,5,0.000193798,,0,13,0.001059901
245,청운효자동,종로구,,0,9,0.00151751,,0,,0,,0,7,0.000053763,4,0.004651163,,0,,0,1,0.000172414,21,0.00639485
246,청파동,용산구,,0,13,0.002191958,,0,,0,,0,7,0.000053763,,0,,0,,0,1,0.000172414,21,0.002418136
247,충현동,서대문구,,0,1,0.000168612,,0,,0,,0,7,0.000053763,,0,2,0.000268456,1,0.00003876,2,0.000344828,13,0.000874419
248,평창동,종로구,,0,7,0.001180285,,0,,0,,0,1,0.00000768,,0,,0,1,0.00003876,,0,9,0.001226726
249,필동,중구,,0,11,0.001854734,,0,,0,,0,3,0.000023041,1,0.001162791,1,0.000134228,6,0.000232558,1,0.000172414,23,0.003579766
250,한강로동,용산구,,0,10,0.001686122,,0,,0,,0,4,0.000030722,,0,4,0.000536913,,0,,0,18,0.002253757
251,한남동,용산구,,0,27,0.004552529,,0,,0,,0,1,0.00000768,2,0.002325581,2,0.000268456,2,0.000077519,,0,34,0.007231767
252,합정동,마포구,,0,2,0.000337224,1,0.004587156,,0,,0,1,0.00000768,1,0.001162791,1,0.000134228,1,0.00003876,,0,7,0.006267839
253,행당1동,성동구,,0,5,0.000843061,,0,,0,,0,1,0.00000768,,0,1,0.000134228,,0,,0,7,0.00098497
254,화곡6동,강서구,,0,2,0.000337224,,0,,0,,0,2,0.000015361,,0,,0,4,0.000155039,2,0.000344828,10,0.000852452
255,화양동,광진구,,0,2,0.000337224,,0,,0,,0,3,0.000023041,,0,1,0.000134228,,0,1,0.000172414,7,0.000666908
256,황학동,중구,,0,1,0.000168612,,0,,0,2,0.000639269,,0,,0,,0,,0,,0,3,0.000807882
257,회기동,동대문구,,0,1,0.000168612,,0,,0,,0,5,0.000038402,,0,,0,,0,1,0.000172414,7,0.000379428
258,회현동,중구,,0,3,0.000505837,,0,,0,8,0.002557078,,0,3,0.003488372,3,0.000402685,5,0.000193798,,0,22,0.007147769
259,효창동,용산구,,0,6,0.001011673,,0,1,0.001041667,,0,1,0.00000768,,0,1,0.000134228,,0,,0,9,0.002195248
260,후암동,용산구,,0,5,0.000843061,,0,,0,,0,2,0.000015361,,0,,0,,0,,0,7,0.000858422
261,망원1동,마포구,,0,,0,2,0.009174312,1,0.001041667,,0,,0,1,0.001162791,,0,,0,,0,4,0.011378769
262,반포3동,서초구,,0,,0,20,0.091743119,1,0.001041667,,0,1,0.00000768,,0,,0,,0,,0,22,0.092792466
263,반포본동,서초구,,0,,0,2,0.009174312,,0,,0,3,0.000023041,,0,1,0.000134228,,0,,0,6,0.009331582
264,성수2가1동,성동구,,0,,0,3,0.013761468,,0,,0,3,0.000023041,1,0.001162791,,0,,0,,0,7,0.0149473
265,양평2동,영등포구,,0,,0,1,0.004587156,,0,2,0.000639269,5,0.000038402,,0,1,0.000134228,,0,,0,9,0.005399056
266,자양2동,광진구,,0,,0,12,0.055045872,,0,,0,7,0.000053763,,0,1,0.000134228,,0,,0,20,0.055233863
267,잠실4동,송파구,,0,,0,2,0.009174312,,0,,0,3,0.000023041,,0,1,0.000134228,,0,,0,6,0.009331582
268,풍납1동,송파구,,0,,0,1,0.004587156,,0,,0,2,0.000015361,,0,,0,,0,,0,3,0.004602517
269,사당2동,동작구,,0,,0,,0,1,0.001041667,,0,3,0.000023041,,0,2,0.000268456,,0,,0,6,0.001333165
270,상계1동,노원구,,0,,0,,0,1,0.001041667,,0,4,0.000030722,2,0.002325581,1,0.000134228,,0,,0,8,0.003532198
271,신월3동,양천구,,0,,0,,0,1,0.001041667,,0,7,0.000053763,1,0.001162791,,0,,0,,0,9,0.002258221
272,갈현1동,은평구,,0,,0,,0,,0,8,0.002557078,,0,1,0.001162791,1,0.000134228,,0,,0,10,0.003854097
273,갈현2동,은평구,,0,,0,,0,,0,16,0.005114155,10,0.000076805,,0,1,0.000134228,,0,,0,27,0.005325188
274,구의1동,광진구,,0,,0,,0,,0,8,0.002557078,2,0.000015361,,0,,0,,0,,0,10,0.002572439
275,대림2동,영등포구,,0,,0,,0,,0,3,0.000958904,2,0.000015361,,0,,0,,0,,0,5,0.000974265
276,도림동,영등포구,,0,,0,,0,,0,1,0.000319635,,0,,0,,0,,0,,0,1,0.000319635
277,문정2동,송파구,,0,,0,,0,,0,2,0.000639269,1,0.00000768,1,0.001162791,3,0.000402685,,0,,0,7,0.002212425
278,상계5동,노원구,,0,,0,,0,,0,1,0.000319635,1,0.00000768,,0,1,0.000134228,,0,,0,3,0.000461543
279,상계9동,노원구,,0,,0,,0,,0,1,0.000319635,5,0.000038402,,0,1,0.000134228,,0,,0,7,0.000492265
280,상도1동,동작구,,0,,0,,0,,0,2,0.000639269,3,0.000023041,1,0.001162791,2,0.000268456,,0,1,0.000172414,9,0.002265972
281,성현동,관악구,,0,,0,,0,,0,1,0.000319635,2,0.000015361,,0,,0,,0,,0,3,0.000334996
282,신길3동,영등포구,,0,,0,,0,,0,5,0.001598174,1,0.00000768,,0,,0,,0,,0,6,0.001605854
283,신대방1동,동작구,,0,,0,,0,,0,2,0.000639269,2,0.000015361,,0,,0,,0,,0,4,0.00065463
284,신월5동,양천구,,0,,0,,0,,0,4,0.001278539,3,0.000023041,,0,,0,1,0.00003876,,0,8,0.00134034
285,신정4동,양천구,,0,,0,,0,,0,2,0.000639269,3,0.000023041,,0,1,0.000134228,,0,,0,6,0.000796539
286,인헌동,관악구,,0,,0,,0,,0,2,0.000639269,2,0.000015361,,0,,0,,0,,0,4,0.00065463
287,조원동,관악구,,0,,0,,0,,0,2,0.000639269,1,0.00000768,,0,,0,,0,,0,3,0.00064695
288,청림동,관악구,,0,,0,,0,,0,1,0.000319635,,0,,0,,0,,0,,0,1,0.000319635
289,행운동,관악구,,0,,0,,0,,0,2,0.000639269,5,0.000038402,,0,2,0.000268456,,0,,0,9,0.000946128
290,가락2동,송파구,,0,,0,,0,,0,,0,3,0.000023041,,0,2,0.000268456,,0,,0,5,0.000291498
291,가락본동,송파구,,0,,0,,0,,0,,0,4,0.000030722,,0,,0,2,0.000077519,,0,6,0.000108241
292,가리봉동,구로구,,0,,0,,0,,0,,0,1,0.00000768,,0,,0,,0,,0,1,0.00000768
293,가양3동,강서구,,0,,0,,0,,0,,0,4,0.000030722,,0,,0,,0,,0,4,0.000030722
294,개포1동,강남구,,0,,0,,0,,0,,0,2,0.000015361,,0,,0,,0,,0,2,0.000015361
295,고덕1동,강동구,,0,,0,,0,,0,,0,5,0.000038402,,0,,0,,0,,0,5,0.000038402
296,고척1동,구로구,,0,,0,,0,,0,,0,5,0.000038402,,0,,0,,0,1,0.000172414,6,0.000210816
297,공덕동,마포구,,0,,0,,0,,0,,0,2,0.000015361,1,0.001162791,1,0.000134228,,0,,0,4,0.00131238
298,공항동,강서구,,0,,0,,0,,0,,0,4,0.000030722,,0,2,0.000268456,1,0.00003876,,0,7,0.000337938
299,구로1동,구로구,,0,,0,,0,,0,,0,2,0.000015361,,0,1,0.000134228,,0,,0,3,0.000149589
300,금호2.3가동,성동구,,0,,0,,0,,0,,0,1,0.00000768,,0,,0,,0,,0,1,0.00000768
301,길음1동,성북구,,0,,0,,0,,0,,0,4,0.000030722,,0,1,0.000134228,,0,,0,5,0.00016495
302,난곡동,관악구,,0,,0,,0,,0,,0,3,0.000023041,,0,,0,,0,,0,3,0.000023041
303,남가좌2동,서대문구,,0,,0,,0,,0,,0,2,0.000015361,,0,,0,,0,1,0.000172414,3,0.000187775
304,답십리1동,동대문구,,0,,0,,0,,0,,0,3,0.000023041,,0,,0,,0,,0,3,0.000023041
305,도봉1동,도봉구,,0,,0,,0,,0,,0,5,0.000038402,1,0.001162791,,0,,0,,0,6,0.001201193
306,도화동,마포구,,0,,0,,0,,0,,0,1,0.00000768,,0,1,0.000134228,1,0.00003876,,0,3,0.000180668
307,독산2동,금천구,,0,,0,,0,,0,,0,2,0.000015361,,0,,0,,0,,0,2,0.000015361
308,동선동,성북구,,0,,0,,0,,0,,0,6,0.000046083,,0,,0,2,0.000077519,,0,8,0.000123602
309,둔촌1동,강동구,,0,,0,,0,,0,,0,2,0.000015361,,0,,0,,0,,0,2,0.000015361
310,마천1동,송파구,,0,,0,,0,,0,,0,1,0.00000768,,0,1,0.000134228,,0,,0,2,0.000141909
311,망우3동,중랑구,,0,,0,,0,,0,,0,4,0.000030722,,0,,0,,0,,0,4,0.000030722
312,망원2동,마포구,,0,,0,,0,,0,,0,1,0.00000768,,0,,0,,0,,0,1,0.00000768
313,면목2동,중랑구,,0,,0,,0,,0,,0,2,0.000015361,,0,,0,,0,,0,2,0.000015361
314,면목3.8동,중랑구,,0,,0,,0,,0,,0,4,0.000030722,,0,1,0.000134228,,0,1,0.000172414,6,0.000337364
315,명일1동,강동구,,0,,0,,0,,0,,0,1,0.00000768,,0,1,0.000134228,,0,,0,2,0.000141909
316,명일2동,강동구,,0,,0,,0,,0,,0,3,0.000023041,,0,1,0.000134228,,0,,0,4,0.00015727
317,목3동,양천구,,0,,0,,0,,0,,0,1,0.00000768,,0,1,0.000134228,,0,,0,2,0.000141909
318,목4동,양천구,,0,,0,,0,,0,,0,3,0.000023041,,0,,0,,0,,0,3,0.000023041
319,무악동,종로구,,0,,0,,0,,0,,0,1,0.00000768,1,0.001162791,1,0.000134228,,0,,0,3,0.001304699
320,묵2동,중랑구,,0,,0,,0,,0,,0,2,0.000015361,,0,,0,,0,,0,2,0.000015361
321,문정1동,송파구,,0,,0,,0,,0,,0,2,0.000015361,,0,,0,,0,,0,2,0.000015361
322,미아동,강북구,,0,,0,,0,,0,,0,3,0.000023041,,0,1,0.000134228,,0,2,0.000344828,6,0.000502097
323,방배4동,서초구,,0,,0,,0,,0,,0,2,0.000015361,,0,,0,,0,,0,2,0.000015361
324,방이1동,송파구,,0,,0,,0,,0,,0,3,0.000023041,,0,1,0.000134228,,0,,0,4,0.00015727
325,방학1동,도봉구,,0,,0,,0,,0,,0,3,0.000023041,,0,1,0.000134228,,0,,0,4,0.00015727
326,방학2동,도봉구,,0,,0,,0,,0,,0,2,0.000015361,,0,,0,,0,,0,2,0.000015361
327,방학3동,도봉구,,0,,0,,0,,0,,0,3,0.000023041,1,0.001162791,,0,,0,,0,4,0.001185832
328,방화1동,강서구,,0,,0,,0,,0,,0,5,0.000038402,,0,1,0.000134228,,0,,0,6,0.000172631
329,방화2동,강서구,,0,,0,,0,,0,,0,3,0.000023041,,0,3,0.000402685,1,0.00003876,,0,7,0.000464486
330,번1동,강북구,,0,,0,,0,,0,,0,2,0.000015361,,0,1,0.000134228,1,0.00003876,,0,4,0.000188349
331,보라매동,관악구,,0,,0,,0,,0,,0,3,0.000023041,,0,,0,,0,,0,3,0.000023041
332,보문동,성북구,,0,,0,,0,,0,,0,2,0.000015361,,0,1,0.000134228,1,0.00003876,,0,4,0.000188349
333,북가좌1동,서대문구,,0,,0,,0,,0,,0,3,0.000023041,1,0.001162791,,0,,0,,0,4,0.001185832
334,북아현동,서대문구,,0,,0,,0,,0,,0,3,0.000023041,,0,,0,,0,,0,3,0.000023041
335,사당1동,동작구,,0,,0,,0,,0,,0,2,0.000015361,,0,,0,1,0.00003876,,0,3,0.000054121
336,삼각산동,강북구,,0,,0,,0,,0,,0,3,0.000023041,,0,,0,,0,,0,3,0.000023041
337,삼선동,성북구,,0,,0,,0,,0,,0,5,0.000038402,,0,2,0.000268456,,0,1,0.000172414,8,0.000479273
338,삼성동,관악구,,0,,0,,0,,0,,0,5,0.000038402,,0,,0,,0,,0,5,0.000038402
339,삼전동,송파구,,0,,0,,0,,0,,0,3,0.000023041,,0,,0,,0,,0,3,0.000023041
340,상계3.4동,노원구,,0,,0,,0,,0,,0,2,0.000015361,,0,1,0.000134228,,0,,0,3,0.000149589
341,상계8동,노원구,,0,,0,,0,,0,,0,4,0.000030722,,0,,0,,0,,0,4,0.000030722
342,상도3동,동작구,,0,,0,,0,,0,,0,1,0.00000768,,0,,0,,0,,0,1,0.00000768
343,서림동,관악구,,0,,0,,0,,0,,0,1,0.00000768,,0,,0,,0,,0,1,0.00000768
344,석촌동,송파구,,0,,0,,0,,0,,0,9,0.000069124,1,0.001162791,1,0.000134228,2,0.000077519,,0,13,0.001443663
345,성산1동,마포구,,0,,0,,0,,0,,0,5,0.000038402,,0,,0,1,0.00003876,,0,6,0.000077162
346,성수2가3동,성동구,,0,,0,,0,,0,,0,1,0.00000768,,0,1,0.000134228,1,0.00003876,,0,3,0.000180668
347,송파1동,송파구,,0,,0,,0,,0,,0,1,0.00000768,,0,,0,,0,,0,1,0.00000768
348,시흥2동,금천구,,0,,0,,0,,0,,0,6,0.000046083,,0,,0,,0,,0,6,0.000046083
349,신길1동,영등포구,,0,,0,,0,,0,,0,2,0.000015361,,0,1,0.000134228,,0,,0,3,0.000149589
350,신길4동,영등포구,,0,,0,,0,,0,,0,1,0.00000768,,0,,0,,0,,0,1,0.00000768
351,신길6동,영등포구,,0,,0,,0,,0,,0,1,0.00000768,,0,1,0.000134228,,0,,0,2,0.000141909
352,신길7동,영등포구,,0,,0,,0,,0,,0,1,0.00000768,,0,1,0.000134228,,0,,0,2,0.000141909
353,신내1동,중랑구,,0,,0,,0,,0,,0,2,0.000015361,,0,,0,,0,,0,2,0.000015361
354,신당5동,중구,,0,,0,,0,,0,,0,3,0.000023041,,0,,0,,0,,0,3,0.000023041
355,신대방2동,동작구,,0,,0,,0,,0,,0,4,0.000030722,1,0.001162791,,0,,0,,0,5,0.001193513
356,신수동,마포구,,0,,0,,0,,0,,0,4,0.000030722,,0,,0,,0,,0,4,0.000030722
357,신원동,관악구,,0,,0,,0,,0,,0,1,0.00000768,,0,,0,,0,,0,1,0.00000768
358,신월2동,양천구,,0,,0,,0,,0,,0,4,0.000030722,,0,,0,,0,,0,4,0.000030722
359,신월4동,양천구,,0,,0,,0,,0,,0,1,0.00000768,,0,,0,,0,,0,1,0.00000768
360,신월6동,양천구,,0,,0,,0,,0,,0,2,0.000015361,,0,,0,,0,,0,2,0.000015361
361,신정1동,양천구,,0,,0,,0,,0,,0,3,0.000023041,,0,,0,,0,,0,3,0.000023041
362,신정2동,양천구,,0,,0,,0,,0,,0,3,0.000023041,,0,,0,,0,,0,3,0.000023041
363,쌍문2동,도봉구,,0,,0,,0,,0,,0,2,0.000015361,,0,,0,,0,,0,2,0.000015361
364,쌍문3동,도봉구,,0,,0,,0,,0,,0,1,0.00000768,,0,1,0.000134228,1,0.00003876,,0,3,0.000180668
365,암사3동,강동구,,0,,0,,0,,0,,0,2,0.000015361,,0,,0,,0,,0,2,0.000015361
366,양평1동,영등포구,,0,,0,,0,,0,,0,2,0.000015361,,0,1,0.000134228,4,0.000155039,,0,7,0.000304628
367,연남동,마포구,,0,,0,,0,,0,,0,3,0.000023041,,0,,0,,0,,0,3,0.000023041
368,염리동,마포구,,0,,0,,0,,0,,0,5,0.000038402,,0,,0,,0,,0,5,0.000038402
369,영등포동,영등포구,,0,,0,,0,,0,,0,1,0.00000768,1,0.001162791,1,0.000134228,5,0.000193798,,0,8,0.001498498
370,옥수동,성동구,,0,,0,,0,,0,,0,4,0.000030722,,0,1,0.000134228,,0,,0,5,0.00016495
371,왕십리2동,성동구,,0,,0,,0,,0,,0,1,0.00000768,,0,1,0.000134228,,0,,0,2,0.000141909
372,왕십리도선동,성동구,,0,,0,,0,,0,,0,2,0.000015361,,0,,0,3,0.000116279,,0,5,0.00013164
373,월계3동,노원구,,0,,0,,0,,0,,0,4,0.000030722,,0,,0,,0,,0,4,0.000030722
374,위례동,송파구,,0,,0,,0,,0,,0,2,0.000015361,,0,,0,,0,,0,2,0.000015361
375,은천동,관악구,,0,,0,,0,,0,,0,2,0.000015361,,0,1,0.000134228,,0,,0,3,0.000149589
376,응봉동,성동구,,0,,0,,0,,0,,0,2,0.000015361,,0,1,0.000134228,,0,,0,3,0.000149589
377,응암2동,은평구,,0,,0,,0,,0,,0,1,0.00000768,,0,,0,,0,,0,1,0.00000768
378,일원1동,강남구,,0,,0,,0,,0,,0,3,0.000023041,,0,,0,,0,,0,3,0.000023041
379,잠실7동,송파구,,0,,0,,0,,0,,0,4,0.000030722,,0,1,0.000134228,,0,,0,5,0.00016495
380,장안2동,동대문구,,0,,0,,0,,0,,0,3,0.000023041,,0,,0,2,0.000077519,,0,5,0.000100561
381,장위1동,성북구,,0,,0,,0,,0,,0,2,0.000015361,,0,,0,,0,,0,2,0.000015361
382,장위2동,성북구,,0,,0,,0,,0,,0,1,0.00000768,,0,1,0.000134228,,0,,0,2,0.000141909
383,장위3동,성북구,,0,,0,,0,,0,,0,3,0.000023041,,0,,0,,0,,0,3,0.000023041
384,정릉2동,성북구,,0,,0,,0,,0,,0,2,0.000015361,,0,,0,,0,,0,2,0.000015361
385,정릉4동,성북구,,0,,0,,0,,0,,0,2,0.000015361,,0,1,0.000134228,,0,1,0.000172414,4,0.000322003
386,중앙동,관악구,,0,,0,,0,,0,,0,1,0.00000768,,0,,0,,0,,0,1,0.00000768
387,중화1동,중랑구,,0,,0,,0,,0,,0,5,0.000038402,,0,1,0.000134228,,0,,0,6,0.000172631
388,창2동,도봉구,,0,,0,,0,,0,,0,1,0.00000768,,0,,0,,0,,0,1,0.00000768
389,창3동,도봉구,,0,,0,,0,,0,,0,2,0.000015361,,0,,0,,0,,0,2,0.000015361
390,창신3동,종로구,,0,,0,,0,,0,,0,2,0.000015361,,0,1,0.000134228,,0,,0,3,0.000149589
391,청룡동,관악구,,0,,0,,0,,0,,0,9,0.000069124,,0,,0,,0,,0,9,0.000069124
392,풍납2동,송파구,,0,,0,,0,,0,,0,6,0.000046083,,0,,0,,0,,0,6,0.000046083
393,하계1동,노원구,,0,,0,,0,,0,,0,8,0.000061444,,0,1,0.000134228,,0,1,0.000172414,10,0.000368086
394,하계2동,노원구,,0,,0,,0,,0,,0,3,0.000023041,,0,,0,,0,,0,3,0.000023041
395,행당2동,성동구,,0,,0,,0,,0,,0,3,0.000023041,,0,1,0.000134228,,0,,0,4,0.00015727
396,홍은1동,서대문구,,0,,0,,0,,0,,0,1,0.00000768,,0,,0,,0,,0,1,0.00000768
397,홍제1동,서대문구,,0,,0,,0,,0,,0,2,0.000015361,,0,,0,,0,1,0.000172414,3,0.000187775
398,홍제3동,서대문구,,0,,0,,0,,0,,0,3,0.000023041,,0,1,0.000134228,,0,,0,4,0.00015727
399,화곡1동,강서구,,0,,0,,0,,0,,0,3,0.000023041,,0,2,0.000268456,7,0.000271318,,0,12,0.000562816
400,화곡2동,강서구,,0,,0,,0,,0,,0,1,0.00000768,,0,,0,,0,,0,1,0.00000768
401,화곡4동,강서구,,0,,0,,0,,0,,0,4,0.000030722,,0,,0,,0,,0,4,0.000030722
402,휘경2동,동대문구,,0,,0,,0,,0,,0,7,0.000053763,,0,,0,,0,1,0.000172414,8,0.000226177
403,방배1동,서초구,,0,,0,,0,,0,,0,,0,,0,1,0.000134228,,0,,0,1,0.000134228
404,사당4동,동작구,,0,,0,,0,,0,,0,,0,,0,1,0.000134228,,0,,0,1,0.000134228
405,성내2동,강동구,,0,,0,,0,,0,,0,,0,,0,2,0.000268456,1,0.00003876,,0,3,0.000307216
406,성수1가2동,성동구,,0,,0,,0,,0,,0,,0,,0,1,0.000134228,,0,,0,1,0.000134228
407,수유2동,강북구,,0,,0,,0,,0,,0,,0,,0,1,0.000134228,1,0.00003876,,0,2,0.000172988
408,신포동,중구,,0,,0,,0,,0,,0,,0,,0,1,0.000134228,,0,,0,1,0.000134228
409,영종동,중구,,0,,0,,0,,0,,0,,0,,0,1,0.000134228,,0,,0,1,0.000134228
410,운서동,중구,,0,,0,,0,,0,,0,,0,,0,1,0.000134228,,0,,0,1,0.000134228
411,중화2동,중랑구,,0,,0,,0,,0,,0,,0,,0,1,0.000134228,,0,,0,1,0.000134228
412,홍제2동,서대문구,,0,,0,,0,,0,,0,,0,,0,1,0.000134228,,0,,0,1,0.000134228
413,휘경1동,동대문구,,0,,0,,0,,0,,0,,0,,0,1,0.000134228,1,0.00003876,,0,2,0.000172988
,,,71,0.03,771,0.13,109,0.5,48,0.05,219,0.07,1302,0.01,129,0.15,298,0.04,258,0.01,58,0.01,3263,1
